지역,시험종류,연도,회차,시험구분,임용예정기관,직군,직렬,직류,직급,대상,선발예정인원,접수인원,경쟁률(접수/선발),응시인원,응시율(%),경쟁률(응시/선발),필기합격인원,합격선,합격선기준,양성평등합격선,원본파일명,비고
서울,공무원,2023,1회,공개경쟁,,행정직군,행정,일반행정,9급,일반,585,12006,20.5:1,8305,69.2,14.2:1,712,91,과목평균,90,2023년도 제1회 서울특별시 지방공무원 임용시험 현황.xlsx,
서울,공무원,2023,1회,공개경쟁,,행정직군,행정,일반행정,9급,지방의회,31,625,20.2:1,330,52.8,10.6:1,52,92,과목평균,,2023년도 제1회 서울특별시 지방공무원 임용시험 현황.xlsx,
서울,공무원,2023,1회,공개경쟁,,행정직군,행정,일반행정,9급,장애인,37,269,7.3:1,191,71.0,5.2:1,49,59,과목평균,,2023년도 제1회 서울특별시 지방공무원 임용시험 현황.xlsx,
서울,공무원,2023,1회,공개경쟁,,행정직군,행정,일반행정,9급,저소득층,72,454,6.3:1,317,69.8,4.4:1,97,72,과목평균,,2023년도 제1회 서울특별시 지방공무원 임용시험 현황.xlsx,
서울,공무원,2023,1회,공개경쟁,,행정직군,세무,지방세,9급,일반,83,2059,24.8:1,1317,64.0,15.9:1,116,83,과목평균,,2023년도 제1회 서울특별시 지방공무원 임용시험 현황.xlsx,
서울,공무원,2023,1회,공개경쟁,,행정직군,세무,지방세,9급,장애인,5,11,2.2:1,6,54.5,1.2:1,3,53,과목평균,,2023년도 제1회 서울특별시 지방공무원 임용시험 현황.xlsx,
서울,공무원,2023,1회,공개경쟁,,행정직군,세무,지방세,9급,저소득층,10,73,7.3:1,47,64.4,4.7:1,13,69,과목평균,,2023년도 제1회 서울특별시 지방공무원 임용시험 현황.xlsx,
서울,공무원,2023,1회,공개경쟁,,행정직군,전산,전산,9급,일반,38,673,17.7:1,413,61.4,10.9:1,50,83,과목평균,,2023년도 제1회 서울특별시 지방공무원 임용시험 현황.xlsx,
서울,공무원,2023,1회,공개경쟁,,행정직군,전산,전산,9급,장애인,3,14,4.7:1,11,78.6,3.7:1,5,69,과목평균,,2023년도 제1회 서울특별시 지방공무원 임용시험 현황.xlsx,
서울,공무원,2023,1회,공개경쟁,,행정직군,전산,전산,9급,저소득층,5,26,5.2:1,19,73.1,3.8:1,7,67,과목평균,,2023년도 제1회 서울특별시 지방공무원 임용시험 현황.xlsx,
서울,공무원,2023,1회,공개경쟁,,행정직군,사회복지,사회복지,9급,일반,231,2472,10.7:1,1903,77.0,8.2:1,335,81,과목평균,78,2023년도 제1회 서울특별시 지방공무원 임용시험 현황.xlsx,
서울,공무원,2023,1회,공개경쟁,,행정직군,사회복지,사회복지,9급,장애인,14,67,4.8:1,53,79.1,3.8:1,6,54,과목평균,,2023년도 제1회 서울특별시 지방공무원 임용시험 현황.xlsx,
서울,공무원,2023,1회,공개경쟁,,행정직군,사회복지,사회복지,9급,저소득층,28,140,5.0:1,113,80.7,4.0:1,37,61,과목평균,60,2023년도 제1회 서울특별시 지방공무원 임용시험 현황.xlsx,
서울,공무원,2023,1회,공개경쟁,,행정직군,사서,사서,9급,일반,3,183,61.0:1,76,41.5,25.3:1,5,89,과목평균,,2023년도 제1회 서울특별시 지방공무원 임용시험 현황.xlsx,
서울,공무원,2023,1회,공개경쟁,,행정직군,속기,속기,9급,지방의회,8,97,12.1:1,68,70.1,8.5:1,11,87,과목평균,86,2023년도 제1회 서울특별시 지방공무원 임용시험 현황.xlsx,
서울,공무원,2023,1회,공개경쟁,,행정직군,방호,방호,9급,일반,12,532,44.3:1,297,55.8,24.8:1,17,88.33,과목평균,,2023년도 제1회 서울특별시 지방공무원 임용시험 현황.xlsx,
서울,공무원,2023,1회,공개경쟁,,행정직군,방호,방호,9급,저소득층,2,23,11.5:1,16,69.6,8.0:1,5,73.33,과목평균,,2023년도 제1회 서울특별시 지방공무원 임용시험 현황.xlsx,
서울,공무원,2023,1회,공개경쟁,,기술직군,공업,일반기계,9급,일반,43,226,5.3:1,155,68.6,3.6:1,60,79,과목평균,76,2023년도 제1회 서울특별시 지방공무원 임용시험 현황.xlsx,
서울,공무원,2023,1회,공개경쟁,,기술직군,공업,일반기계,9급,장애인,4,6,1.5:1,4,66.7,1.0:1,0,,과목평균,,2023년도 제1회 서울특별시 지방공무원 임용시험 현황.xlsx,
서울,공무원,2023,1회,공개경쟁,,기술직군,공업,일반기계,9급,저소득층,5,12,2.4:1,10,83.3,2.0:1,7,66,과목평균,,2023년도 제1회 서울특별시 지방공무원 임용시험 현황.xlsx,
서울,공무원,2023,1회,공개경쟁,,기술직군,공업,일반전기,9급,일반,6,161,26.8:1,82,50.9,13.7:1,10,87,과목평균,84,2023년도 제1회 서울특별시 지방공무원 임용시험 현황.xlsx,
서울,공무원,2023,1회,공개경쟁,,기술직군,공업,일반전기,9급,장애인,1,6,6.0:1,4,66.7,4.0:1,1,70,과목평균,,2023년도 제1회 서울특별시 지방공무원 임용시험 현황.xlsx,
서울,공무원,2023,1회,공개경쟁,,기술직군,공업,일반전기,9급,저소득층,2,7,3.5:1,5,71.4,2.5:1,4,64,과목평균,,2023년도 제1회 서울특별시 지방공무원 임용시험 현황.xlsx,
서울,공무원,2023,1회,공개경쟁,,기술직군,공업,일반화공,9급,일반,10,143,14.3:1,96,67.1,9.6:1,15,92,과목평균,90,2023년도 제1회 서울특별시 지방공무원 임용시험 현황.xlsx,
서울,공무원,2023,1회,공개경쟁,,기술직군,공업,일반화공,9급,장애인,2,1,0.5:1,1,100.0,0.5:1,0,,과목평균,,2023년도 제1회 서울특별시 지방공무원 임용시험 현황.xlsx,
서울,공무원,2023,1회,공개경쟁,,기술직군,공업,일반화공,9급,저소득층,2,3,1.5:1,2,66.7,1.0:1,1,88,과목평균,,2023년도 제1회 서울특별시 지방공무원 임용시험 현황.xlsx,
서울,공무원,2023,1회,공개경쟁,,기술직군,농업,일반농업,9급,일반,6,113,18.8:1,66,58.4,11.0:1,10,90,과목평균,,2023년도 제1회 서울특별시 지방공무원 임용시험 현황.xlsx,
서울,공무원,2023,1회,공개경쟁,,기술직군,녹지,산림자원,9급,일반,29,184,6.3:1,132,71.7,4.6:1,38,86,과목평균,,2023년도 제1회 서울특별시 지방공무원 임용시험 현황.xlsx,
서울,공무원,2023,1회,공개경쟁,,기술직군,녹지,산림자원,9급,장애인,3,4,1.3:1,3,75.0,1.0:1,1,71,과목평균,,2023년도 제1회 서울특별시 지방공무원 임용시험 현황.xlsx,
서울,공무원,2023,1회,공개경쟁,,기술직군,녹지,산림자원,9급,저소득층,3,11,3.7:1,8,72.7,2.7:1,5,60,과목평균,,2023년도 제1회 서울특별시 지방공무원 임용시험 현황.xlsx,
서울,공무원,2023,1회,공개경쟁,,기술직군,녹지,조경,9급,일반,30,212,7.1:1,148,69.8,4.9:1,40,78,과목평균,,2023년도 제1회 서울특별시 지방공무원 임용시험 현황.xlsx,
서울,공무원,2023,1회,공개경쟁,,기술직군,녹지,조경,9급,장애인,3,2,0.7:1,1,50.0,0.3:1,1,72,과목평균,,2023년도 제1회 서울특별시 지방공무원 임용시험 현황.xlsx,
서울,공무원,2023,1회,공개경쟁,,기술직군,녹지,조경,9급,저소득층,4,4,1.0:1,2,50.0,0.5:1,1,73,과목평균,,2023년도 제1회 서울특별시 지방공무원 임용시험 현황.xlsx,
서울,공무원,2023,1회,공개경쟁,,기술직군,보건,보건,9급,일반,3,454,151.3:1,294,64.8,98.0:1,8,94,과목평균,,2023년도 제1회 서울특별시 지방공무원 임용시험 현황.xlsx,
서울,공무원,2023,1회,공개경쟁,,기술직군,보건,보건,9급,장애인,1,19,19.0:1,15,78.9,15.0:1,3,87,과목평균,,2023년도 제1회 서울특별시 지방공무원 임용시험 현황.xlsx,
서울,공무원,2023,1회,공개경쟁,,기술직군,환경,일반환경,9급,일반,7,98,14.0:1,63,64.3,9.0:1,10,87,과목평균,,2023년도 제1회 서울특별시 지방공무원 임용시험 현황.xlsx,
서울,공무원,2023,1회,공개경쟁,,기술직군,시설,일반토목,9급,일반,174,579,3.3:1,417,72.0,2.4:1,224,50,과목평균,,2023년도 제1회 서울특별시 지방공무원 임용시험 현황.xlsx,
서울,공무원,2023,1회,공개경쟁,,기술직군,시설,일반토목,9급,장애인,16,1,0.1:1,1,100.0,0.1:1,0,,과목평균,,2023년도 제1회 서울특별시 지방공무원 임용시험 현황.xlsx,
서울,공무원,2023,1회,공개경쟁,,기술직군,시설,일반토목,9급,저소득층,21,10,0.5:1,9,90.0,0.4:1,3,58,과목평균,,2023년도 제1회 서울특별시 지방공무원 임용시험 현황.xlsx,
서울,공무원,2023,1회,공개경쟁,,기술직군,시설,건축,9급,일반,111,465,4.2:1,321,69.0,2.9:1,148,68,과목평균,,2023년도 제1회 서울특별시 지방공무원 임용시험 현황.xlsx,
서울,공무원,2023,1회,공개경쟁,,기술직군,시설,건축,9급,장애인,14,9,0.6:1,7,77.8,0.5:1,3,59,과목평균,,2023년도 제1회 서울특별시 지방공무원 임용시험 현황.xlsx,
서울,공무원,2023,1회,공개경쟁,,기술직군,시설,건축,9급,저소득층,15,13,0.9:1,12,92.3,0.8:1,3,55,과목평균,,2023년도 제1회 서울특별시 지방공무원 임용시험 현황.xlsx,
서울,공무원,2023,1회,공개경쟁,,기술직군,방재안전,방재안전,9급,일반,64,313,4.9:1,192,61.3,3.0:1,83,78,과목평균,,2023년도 제1회 서울특별시 지방공무원 임용시험 현황.xlsx,
서울,공무원,2023,1회,공개경쟁,,기술직군,방재안전,방재안전,9급,저소득층,6,13,2.2:1,8,61.5,1.3:1,7,62,과목평균,,2023년도 제1회 서울특별시 지방공무원 임용시험 현황.xlsx,
서울,공무원,2023,1회,공개경쟁,,기술직군,방송통신,통신기술,9급,일반,32,193,6.0:1,127,65.8,4.0:1,44,75,과목평균,,2023년도 제1회 서울특별시 지방공무원 임용시험 현황.xlsx,
서울,공무원,2023,1회,공개경쟁,,기술직군,방송통신,통신기술,9급,장애인,2,2,1.0:1,1,50.0,0.5:1,0,,과목평균,,2023년도 제1회 서울특별시 지방공무원 임용시험 현황.xlsx,
서울,공무원,2023,1회,공개경쟁,,기술직군,방송통신,통신기술,9급,저소득층,2,3,1.5:1,2,66.7,1.0:1,2,70,과목평균,,2023년도 제1회 서울특별시 지방공무원 임용시험 현황.xlsx,
서울,공무원,2023,1회,공개경쟁,,기술직군,시설관리,기계시설,9급,일반,27,274,10.1:1,162,59.1,6.0:1,39,75,과목평균,73.33,2023년도 제1회 서울특별시 지방공무원 임용시험 현황.xlsx,
서울,공무원,2023,1회,공개경쟁,,기술직군,시설관리,기계시설,9급,장애인,1,11,11.0:1,7,63.6,7.0:1,0,,과목평균,,2023년도 제1회 서울특별시 지방공무원 임용시험 현황.xlsx,
서울,공무원,2023,1회,공개경쟁,,기술직군,시설관리,기계시설,9급,저소득층,5,21,4.2:1,12,57.1,2.4:1,1,68.33,과목평균,,2023년도 제1회 서울특별시 지방공무원 임용시험 현황.xlsx,
서울,공무원,2023,1회,공개경쟁,,기술직군,시설관리,전기시설,9급,일반,17,208,12.2:1,113,54.3,6.6:1,23,73.33,과목평균,,2023년도 제1회 서울특별시 지방공무원 임용시험 현황.xlsx,
서울,공무원,2023,1회,공개경쟁,,기술직군,시설관리,전기시설,9급,지방의회,1,7,7.0:1,6,85.7,6.0:1,3,63.33,과목평균,,2023년도 제1회 서울특별시 지방공무원 임용시험 현황.xlsx,
서울,공무원,2023,1회,공개경쟁,,기술직군,시설관리,전기시설,9급,장애인,1,4,4.0:1,1,25.0,1.0:1,0,,과목평균,,2023년도 제1회 서울특별시 지방공무원 임용시험 현황.xlsx,
서울,공무원,2023,1회,공개경쟁,,기술직군,시설관리,전기시설,9급,저소득층,4,9,2.2:1,8,88.9,2.0:1,4,64.67,과목평균,,2023년도 제1회 서울특별시 지방공무원 임용시험 현황.xlsx,
서울,공무원,2023,2회,공개경쟁,,행정직군,행정,일반행정,7급,일반,44,8987,204.2:1,5229,58.2,118.8:1,70,96,과목평균,95,2023년도 제2회 서울특별시 지방공무원 임용시험 현황.xlsx,
서울,공무원,2023,2회,공개경쟁,,행정직군,행정,일반행정,7급,지방의회,10,799,79.9:1,404,50.6,40.4:1,13,95,과목평균,,2023년도 제2회 서울특별시 지방공무원 임용시험 현황.xlsx,
서울,공무원,2023,2회,공개경쟁,,행정직군,행정,일반행정,7급,장애인,3,149,49.7:1,61,40.9,20.3:1,5,82,과목평균,,2023년도 제2회 서울특별시 지방공무원 임용시험 현황.xlsx,
서울,공무원,2023,2회,공개경쟁,,행정직군,행정,감사,7급,일반,2,226,113.0:1,86,38.1,43.0:1,4,90,과목평균,,2023년도 제2회 서울특별시 지방공무원 임용시험 현황.xlsx,
서울,공무원,2023,2회,공개경쟁,,행정직군,세무,지방세,7급,일반,3,731,243.7:1,259,35.4,86.3:1,5,84,과목평균,,2023년도 제2회 서울특별시 지방공무원 임용시험 현황.xlsx,
서울,공무원,2023,2회,공개경쟁,,기술직군,공업,일반기계,7급,일반,5,245,49.0:1,110,44.9,22.0:1,7,80,과목평균,,2023년도 제2회 서울특별시 지방공무원 임용시험 현황.xlsx,
서울,공무원,2023,2회,공개경쟁,,기술직군,공업,일반전기,7급,일반,1,192,192.0:1,57,29.7,57.0:1,4,72,과목평균,,2023년도 제2회 서울특별시 지방공무원 임용시험 현황.xlsx,
서울,공무원,2023,2회,공개경쟁,,기술직군,공업,일반화공,7급,일반,2,158,79.0:1,78,49.4,39.0:1,6,86,과목평균,,2023년도 제2회 서울특별시 지방공무원 임용시험 현황.xlsx,
서울,공무원,2023,2회,공개경쟁,,기술직군,녹지,산림자원,7급,일반,4,122,30.5:1,41,33.6,10.2:1,7,73,과목평균,,2023년도 제2회 서울특별시 지방공무원 임용시험 현황.xlsx,
서울,공무원,2023,2회,공개경쟁,,기술직군,녹지,조경,7급,일반,4,159,39.8:1,69,43.4,17.2:1,6,71,과목평균,,2023년도 제2회 서울특별시 지방공무원 임용시험 현황.xlsx,
서울,공무원,2023,2회,공개경쟁,,기술직군,환경,일반환경,7급,일반,1,90,90.0:1,39,43.3,39.0:1,3,77,과목평균,,2023년도 제2회 서울특별시 지방공무원 임용시험 현황.xlsx,
서울,공무원,2023,2회,공개경쟁,,기술직군,시설,일반토목,7급,일반,24,369,15.4:1,163,44.2,6.8:1,33,68,과목평균,67,2023년도 제2회 서울특별시 지방공무원 임용시험 현황.xlsx,
서울,공무원,2023,2회,공개경쟁,,기술직군,시설,일반토목,7급,장애인,1,2,2.0:1,1,50.0,1.0:1,0,,과목평균,,2023년도 제2회 서울특별시 지방공무원 임용시험 현황.xlsx,
서울,공무원,2023,2회,공개경쟁,,기술직군,시설,건축,7급,일반,16,349,21.8:1,150,43.0,9.4:1,23,71,과목평균,,2023년도 제2회 서울특별시 지방공무원 임용시험 현황.xlsx,
서울,공무원,2023,2회,공개경쟁,,기술직군,시설,건축,7급,장애인,1,4,4.0:1,1,25.0,1.0:1,0,,과목평균,,2023년도 제2회 서울특별시 지방공무원 임용시험 현황.xlsx,
서울,공무원,2023,2회,공개경쟁,,기술직군,방송통신,통신기술,7급,일반,4,186,46.5:1,70,37.6,17.5:1,7,65,과목평균,,2023년도 제2회 서울특별시 지방공무원 임용시험 현황.xlsx,
서울,공무원,2024,1회,공개경쟁,,기술직군,시설,건축,9급,일반,57,603,10.6:1,375,62.2,6.6:1,76,54,과목평균,,2024년도 제1회 서울특별시 지방공무원 임용시험 현황.xlsx,
서울,공무원,2024,1회,공개경쟁,,기술직군,시설,건축,9급,장애인,3,7,2.3:1,4,57.1,1.3:1,0,,과목평균,,2024년도 제1회 서울특별시 지방공무원 임용시험 현황.xlsx,
서울,공무원,2024,1회,공개경쟁,,기술직군,시설,건축,9급,저소득층,6,24,4.0:1,22,91.7,3.7:1,1,58,과목평균,,2024년도 제1회 서울특별시 지방공무원 임용시험 현황.xlsx,
서울,공무원,2024,1회,공개경쟁,,기술직군,시설관리,기계시설,9급,일반,36,320,8.9:1,163,50.9,4.5:1,53,68.33,과목평균,,2024년도 제1회 서울특별시 지방공무원 임용시험 현황.xlsx,
서울,공무원,2024,1회,공개경쟁,,기술직군,시설관리,기계시설,9급,장애인,3,14,4.7:1,10,71.4,3.3:1,2,43.33,과목평균,,2024년도 제1회 서울특별시 지방공무원 임용시험 현황.xlsx,
서울,공무원,2024,1회,공개경쟁,,기술직군,시설관리,기계시설,9급,저소득층,5,24,4.8:1,14,58.3,2.8:1,4,61.33,과목평균,,2024년도 제1회 서울특별시 지방공무원 임용시험 현황.xlsx,
서울,공무원,2024,1회,공개경쟁,,기술직군,시설관리,전기시설,9급,일반,30,315,10.5:1,171,54.3,5.7:1,49,75,과목평균,73.33,2024년도 제1회 서울특별시 지방공무원 임용시험 현황.xlsx,
서울,공무원,2024,1회,공개경쟁,,기술직군,시설관리,전기시설,9급,장애인,2,8,4.0:1,4,50.0,2.0:1,1,54.67,과목평균,,2024년도 제1회 서울특별시 지방공무원 임용시험 현황.xlsx,
서울,공무원,2024,1회,공개경쟁,,기술직군,시설관리,전기시설,9급,저소득층,4,13,3.2:1,6,46.2,1.5:1,2,71.67,과목평균,,2024년도 제1회 서울특별시 지방공무원 임용시험 현황.xlsx,
서울,공무원,2024,2회,공개경쟁,,행정직군,행정,일반행정,9급,일반,456,10315,22.6:1,7017,68.0,15.4:1,540,88,과목평균,,2024년도 제2회 서울특별시 지방공무원 임용시험 현황.xlsx,
서울,공무원,2024,2회,공개경쟁,,행정직군,행정,일반행정,9급,지방의회,14,379,27.1:1,183,48.3,13.1:1,18,90,과목평균,,2024년도 제2회 서울특별시 지방공무원 임용시험 현황.xlsx,
서울,공무원,2024,2회,공개경쟁,,행정직군,행정,일반행정,9급,장애인,27,224,8.3:1,154,68.8,5.7:1,28,47,과목평균,,2024년도 제2회 서울특별시 지방공무원 임용시험 현황.xlsx,
서울,공무원,2024,2회,공개경쟁,,행정직군,행정,일반행정,9급,저소득층,54,365,6.8:1,242,66.3,4.5:1,70,70,과목평균,,2024년도 제2회 서울특별시 지방공무원 임용시험 현황.xlsx,
서울,공무원,2024,2회,공개경쟁,,행정직군,세무,지방세,9급,일반,67,2029,30.3:1,1227,60.5,18.3:1,100,85,과목평균,,2024년도 제2회 서울특별시 지방공무원 임용시험 현황.xlsx,
서울,공무원,2024,2회,공개경쟁,,행정직군,세무,지방세,9급,장애인,6,24,4.0:1,15,62.5,2.5:1,4,61,과목평균,,2024년도 제2회 서울특별시 지방공무원 임용시험 현황.xlsx,
서울,공무원,2024,2회,공개경쟁,,행정직군,세무,지방세,9급,저소득층,7,73,10.4:1,35,47.9,5.0:1,10,68,과목평균,,2024년도 제2회 서울특별시 지방공무원 임용시험 현황.xlsx,
서울,공무원,2024,2회,공개경쟁,,행정직군,전산,전산,9급,일반,19,783,41.2:1,430,54.9,22.6:1,29,90,과목평균,,2024년도 제2회 서울특별시 지방공무원 임용시험 현황.xlsx,
서울,공무원,2024,2회,공개경쟁,,행정직군,전산,전산,9급,장애인,2,17,8.5:1,11,64.7,5.5:1,4,73,과목평균,,2024년도 제2회 서울특별시 지방공무원 임용시험 현황.xlsx,
서울,공무원,2024,2회,공개경쟁,,행정직군,전산,전산,9급,저소득층,2,23,11.5:1,15,65.2,7.5:1,4,70,과목평균,,2024년도 제2회 서울특별시 지방공무원 임용시험 현황.xlsx,
서울,공무원,2024,2회,공개경쟁,,행정직군,사회복지,사회복지,9급,일반,98,1836,18.7:1,1377,75.0,14.1:1,130,87,과목평균,84,2024년도 제2회 서울특별시 지방공무원 임용시험 현황.xlsx,
서울,공무원,2024,2회,공개경쟁,,행정직군,사회복지,사회복지,9급,장애인,7,53,7.6:1,41,77.4,5.9:1,7,51,과목평균,,2024년도 제2회 서울특별시 지방공무원 임용시험 현황.xlsx,
서울,공무원,2024,2회,공개경쟁,,행정직군,사회복지,사회복지,9급,저소득층,15,134,8.9:1,93,69.4,6.2:1,21,66,과목평균,65,2024년도 제2회 서울특별시 지방공무원 임용시험 현황.xlsx,
서울,공무원,2024,2회,공개경쟁,,행정직군,사서,사서,9급,일반,3,180,60.0:1,80,44.4,26.7:1,5,76,과목평균,,2024년도 제2회 서울특별시 지방공무원 임용시험 현황.xlsx,
서울,공무원,2024,2회,공개경쟁,,행정직군,속기,속기,9급,일반,1,14,14.0:1,6,42.9,6.0:1,3,63,과목평균,,2024년도 제2회 서울특별시 지방공무원 임용시험 현황.xlsx,
서울,공무원,2024,2회,공개경쟁,,행정직군,속기,속기,9급,지방의회,7,59,8.4:1,44,74.6,6.3:1,9,86,과목평균,,2024년도 제2회 서울특별시 지방공무원 임용시험 현황.xlsx,
서울,공무원,2024,2회,공개경쟁,,행정직군,방호,방호,9급,일반,9,482,53.6:1,256,53.1,28.4:1,12,86.67,과목평균,,2024년도 제2회 서울특별시 지방공무원 임용시험 현황.xlsx,
서울,공무원,2024,2회,공개경쟁,,행정직군,방호,방호,9급,지방의회,1,45,45.0:1,15,33.3,15.0:1,4,81.67,과목평균,,2024년도 제2회 서울특별시 지방공무원 임용시험 현황.xlsx,
서울,공무원,2024,2회,공개경쟁,,행정직군,방호,방호,9급,저소득층,1,24,24.0:1,19,79.2,19.0:1,3,71.67,과목평균,,2024년도 제2회 서울특별시 지방공무원 임용시험 현황.xlsx,
서울,공무원,2024,2회,공개경쟁,,기술직군,공업,일반기계,9급,일반,25,168,6.7:1,96,57.1,3.8:1,35,82,과목평균,80,2024년도 제2회 서울특별시 지방공무원 임용시험 현황.xlsx,
서울,공무원,2024,2회,공개경쟁,,기술직군,공업,일반기계,9급,장애인,3,7,2.3:1,5,71.4,1.7:1,1,74,과목평균,,2024년도 제2회 서울특별시 지방공무원 임용시험 현황.xlsx,
서울,공무원,2024,2회,공개경쟁,,기술직군,공업,일반기계,9급,저소득층,4,8,2.0:1,5,62.5,1.2:1,3,67,과목평균,,2024년도 제2회 서울특별시 지방공무원 임용시험 현황.xlsx,
서울,공무원,2024,2회,공개경쟁,,기술직군,공업,일반전기,9급,일반,12,149,12.4:1,83,55.7,6.9:1,20,82,과목평균,79,2024년도 제2회 서울특별시 지방공무원 임용시험 현황.xlsx,
서울,공무원,2024,2회,공개경쟁,,기술직군,공업,일반전기,9급,장애인,1,3,3.0:1,2,66.7,2.0:1,0,,과목평균,,2024년도 제2회 서울특별시 지방공무원 임용시험 현황.xlsx,
서울,공무원,2024,2회,공개경쟁,,기술직군,공업,일반전기,9급,저소득층,2,7,3.5:1,5,71.4,2.5:1,2,76,과목평균,,2024년도 제2회 서울특별시 지방공무원 임용시험 현황.xlsx,
서울,공무원,2024,2회,공개경쟁,,기술직군,공업,일반화공,9급,일반,30,169,5.6:1,106,62.7,3.5:1,39,82,과목평균,,2024년도 제2회 서울특별시 지방공무원 임용시험 현황.xlsx,
서울,공무원,2024,2회,공개경쟁,,기술직군,공업,일반화공,9급,장애인,1,0,,0,,,0,,과목평균,,2024년도 제2회 서울특별시 지방공무원 임용시험 현황.xlsx,
서울,공무원,2024,2회,공개경쟁,,기술직군,공업,일반화공,9급,저소득층,4,5,1.2:1,3,60.0,0.8:1,2,66,과목평균,,2024년도 제2회 서울특별시 지방공무원 임용시험 현황.xlsx,
서울,공무원,2024,2회,공개경쟁,,기술직군,농업,일반농업,9급,일반,1,66,66.0:1,38,57.6,38.0:1,4,91,과목평균,,2024년도 제2회 서울특별시 지방공무원 임용시험 현황.xlsx,
서울,공무원,2024,2회,공개경쟁,,기술직군,녹지,산림자원,9급,일반,24,153,6.4:1,106,69.3,4.4:1,31,77,과목평균,,2024년도 제2회 서울특별시 지방공무원 임용시험 현황.xlsx,
서울,공무원,2024,2회,공개경쟁,,기술직군,녹지,산림자원,9급,장애인,3,4,1.3:1,3,75.0,1.0:1,0,,과목평균,,2024년도 제2회 서울특별시 지방공무원 임용시험 현황.xlsx,
서울,공무원,2024,2회,공개경쟁,,기술직군,녹지,산림자원,9급,저소득층,3,7,2.3:1,2,28.6,0.7:1,1,64,과목평균,,2024년도 제2회 서울특별시 지방공무원 임용시험 현황.xlsx,
서울,공무원,2024,2회,공개경쟁,,기술직군,녹지,조경,9급,일반,25,158,6.3:1,98,62.0,3.9:1,34,72,과목평균,71,2024년도 제2회 서울특별시 지방공무원 임용시험 현황.xlsx,
서울,공무원,2024,2회,공개경쟁,,기술직군,녹지,조경,9급,장애인,3,1,0.3:1,1,100.0,0.3:1,1,58,과목평균,,2024년도 제2회 서울특별시 지방공무원 임용시험 현황.xlsx,
서울,공무원,2024,2회,공개경쟁,,기술직군,녹지,조경,9급,저소득층,3,9,3.0:1,7,77.8,2.3:1,3,58,과목평균,,2024년도 제2회 서울특별시 지방공무원 임용시험 현황.xlsx,
서울,공무원,2024,2회,공개경쟁,,기술직군,보건,보건,9급,일반,5,348,69.6:1,215,61.8,43.0:1,8,96,과목평균,,2024년도 제2회 서울특별시 지방공무원 임용시험 현황.xlsx,
서울,공무원,2024,2회,공개경쟁,,기술직군,간호,간호,8급,일반,10,335,33.5:1,210,62.7,21.0:1,13,92,과목평균,,2024년도 제2회 서울특별시 지방공무원 임용시험 현황.xlsx,
서울,공무원,2024,2회,공개경쟁,,기술직군,환경,일반환경,9급,일반,3,77,25.7:1,44,57.1,14.7:1,6,85,과목평균,,2024년도 제2회 서울특별시 지방공무원 임용시험 현황.xlsx,
서울,공무원,2024,2회,공개경쟁,,기술직군,시설,일반토목,9급,일반,121,546,4.5:1,358,65.6,3.0:1,158,59,과목평균,,2024년도 제2회 서울특별시 지방공무원 임용시험 현황.xlsx,
서울,공무원,2024,2회,공개경쟁,,기술직군,시설,일반토목,9급,장애인,11,1,0.1:1,1,100.0,0.1:1,0,,과목평균,,2024년도 제2회 서울특별시 지방공무원 임용시험 현황.xlsx,
서울,공무원,2024,2회,공개경쟁,,기술직군,시설,일반토목,9급,저소득층,16,8,0.5:1,7,87.5,0.4:1,3,64,과목평균,,2024년도 제2회 서울특별시 지방공무원 임용시험 현황.xlsx,
서울,공무원,2024,2회,공개경쟁,,기술직군,시설,건축,9급,일반,60,392,6.5:1,236,60.2,3.9:1,79,68,과목평균,,2024년도 제2회 서울특별시 지방공무원 임용시험 현황.xlsx,
서울,공무원,2024,2회,공개경쟁,,기술직군,시설,건축,9급,장애인,7,5,0.7:1,3,60.0,0.4:1,0,,과목평균,,2024년도 제2회 서울특별시 지방공무원 임용시험 현황.xlsx,
서울,공무원,2024,2회,공개경쟁,,기술직군,시설,건축,9급,저소득층,9,16,1.8:1,11,68.8,1.2:1,7,60,과목평균,,2024년도 제2회 서울특별시 지방공무원 임용시험 현황.xlsx,
서울,공무원,2024,2회,공개경쟁,,기술직군,시설,지적,9급,일반,9,166,18.4:1,110,66.3,12.2:1,13,87,과목평균,,2024년도 제2회 서울특별시 지방공무원 임용시험 현황.xlsx,
서울,공무원,2024,2회,공개경쟁,,기술직군,시설,지적,9급,장애인,1,0,,0,,,0,,과목평균,,2024년도 제2회 서울특별시 지방공무원 임용시험 현황.xlsx,
서울,공무원,2024,2회,공개경쟁,,기술직군,방재안전,방재안전,9급,일반,10,67,6.7:1,42,62.7,4.2:1,13,74,과목평균,,2024년도 제2회 서울특별시 지방공무원 임용시험 현황.xlsx,
서울,공무원,2024,2회,공개경쟁,,기술직군,방송통신,통신기술,9급,일반,4,84,21.0:1,46,54.8,11.5:1,7,74,과목평균,,2024년도 제2회 서울특별시 지방공무원 임용시험 현황.xlsx,
서울,공무원,2024,2회,공개경쟁,,기술직군,방송통신,통신기술,9급,장애인,1,3,3.0:1,3,100.0,3.0:1,1,81,과목평균,,2024년도 제2회 서울특별시 지방공무원 임용시험 현황.xlsx,
서울,공무원,2024,2회,공개경쟁,,기술직군,시설관리,기계시설,9급,일반,30,319,10.6:1,175,54.9,5.8:1,41,65,과목평균,,2024년도 제2회 서울특별시 지방공무원 임용시험 현황.xlsx,
서울,공무원,2024,2회,공개경쟁,,기술직군,시설관리,기계시설,9급,장애인,1,15,15.0:1,9,60.0,9.0:1,0,,과목평균,,2024년도 제2회 서울특별시 지방공무원 임용시험 현황.xlsx,
서울,공무원,2024,2회,공개경쟁,,기술직군,시설관리,기계시설,9급,저소득층,4,26,6.5:1,18,69.2,4.5:1,5,46.33,과목평균,,2024년도 제2회 서울특별시 지방공무원 임용시험 현황.xlsx,
서울,공무원,2024,2회,공개경쟁,,기술직군,시설관리,전기시설,9급,일반,7,163,23.3:1,76,46.6,10.9:1,9,76.67,과목평균,,2024년도 제2회 서울특별시 지방공무원 임용시험 현황.xlsx,
서울,공무원,2024,2회,공개경쟁,,기술직군,시설관리,전기시설,9급,장애인,1,9,9.0:1,4,44.4,4.0:1,0,,과목평균,,2024년도 제2회 서울특별시 지방공무원 임용시험 현황.xlsx,
서울,공무원,2024,2회,공개경쟁,,기술직군,시설관리,전기시설,9급,저소득층,1,5,5.0:1,2,40.0,2.0:1,1,85,과목평균,,2024년도 제2회 서울특별시 지방공무원 임용시험 현황.xlsx,
서울,공무원,2024,3회,공개경쟁,,행정직군,행정,일반행정,7급,일반,105,8594,81.8:1,4871,56.7,46.4:1,161,94,과목평균,,2024년도 제3회 서울특별시 지방공무원 임용시험 현황.xlsx,
서울,공무원,2024,3회,공개경쟁,,행정직군,행정,일반행정,7급,지방의회,5,341,68.2:1,138,40.5,27.6:1,7,94,과목평균,,2024년도 제3회 서울특별시 지방공무원 임용시험 현황.xlsx,
서울,공무원,2024,3회,공개경쟁,,행정직군,행정,일반행정,7급,장애인,5,128,25.6:1,62,48.4,12.4:1,8,82,과목평균,79,2024년도 제3회 서울특별시 지방공무원 임용시험 현황.xlsx,
서울,공무원,2024,3회,공개경쟁,,행정직군,행정,감사,7급,일반,2,196,98.0:1,67,34.2,33.5:1,4,91,과목평균,,2024년도 제3회 서울특별시 지방공무원 임용시험 현황.xlsx,
서울,공무원,2024,3회,공개경쟁,,행정직군,세무,지방세,7급,일반,9,1020,113.3:1,374,36.7,41.6:1,13,86,과목평균,,2024년도 제3회 서울특별시 지방공무원 임용시험 현황.xlsx,
서울,공무원,2024,3회,공개경쟁,,행정직군,세무,지방세,7급,장애인,1,12,12.0:1,5,41.7,5.0:1,1,63,과목평균,,2024년도 제3회 서울특별시 지방공무원 임용시험 현황.xlsx,
서울,공무원,2024,3회,공개경쟁,,행정직군,전산,전산,7급,일반,3,553,184.3:1,220,39.8,73.3:1,7,87,과목평균,,2024년도 제3회 서울특별시 지방공무원 임용시험 현황.xlsx,
서울,공무원,2024,3회,공개경쟁,,기술직군,공업,일반기계,7급,일반,3,210,70.0:1,88,41.9,29.3:1,5,81,과목평균,,2024년도 제3회 서울특별시 지방공무원 임용시험 현황.xlsx,
서울,공무원,2024,3회,공개경쟁,,기술직군,공업,일반전기,7급,일반,1,145,145.0:1,47,32.4,47.0:1,3,88,과목평균,,2024년도 제3회 서울특별시 지방공무원 임용시험 현황.xlsx,
서울,공무원,2024,3회,공개경쟁,,기술직군,공업,일반화공,7급,일반,3,157,52.3:1,72,45.9,24.0:1,5,84,과목평균,,2024년도 제3회 서울특별시 지방공무원 임용시험 현황.xlsx,
서울,공무원,2024,3회,공개경쟁,,기술직군,녹지,산림자원,7급,일반,4,170,42.5:1,72,42.4,18.0:1,6,86,과목평균,,2024년도 제3회 서울특별시 지방공무원 임용시험 현황.xlsx,
서울,공무원,2024,3회,공개경쟁,,기술직군,녹지,조경,7급,일반,3,153,51.0:1,57,37.3,19.0:1,6,67,과목평균,,2024년도 제3회 서울특별시 지방공무원 임용시험 현황.xlsx,
서울,공무원,2024,3회,공개경쟁,,기술직군,시설,일반토목,7급,일반,15,386,25.7:1,158,40.9,10.5:1,23,67,과목평균,64,2024년도 제3회 서울특별시 지방공무원 임용시험 현황.xlsx,
서울,공무원,2024,3회,공개경쟁,,기술직군,시설,일반토목,7급,장애인,1,1,1.0:1,0,,,0,,과목평균,,2024년도 제3회 서울특별시 지방공무원 임용시험 현황.xlsx,
서울,공무원,2024,3회,공개경쟁,,기술직군,시설,건축,7급,일반,8,344,43.0:1,127,36.9,15.9:1,11,78,과목평균,,2024년도 제3회 서울특별시 지방공무원 임용시험 현황.xlsx,
서울,공무원,2024,3회,공개경쟁,,기술직군,시설,건축,7급,장애인,1,4,4.0:1,3,75.0,3.0:1,0,,과목평균,,2024년도 제3회 서울특별시 지방공무원 임용시험 현황.xlsx,
서울,공무원,2024,3회,공개경쟁,,기술직군,시설,지적,7급,일반,1,59,59.0:1,16,27.1,16.0:1,3,85,과목평균,,2024년도 제3회 서울특별시 지방공무원 임용시험 현황.xlsx,
서울,공무원,2024,3회,공개경쟁,,기술직군,방송통신,통신기술,7급,일반,1,97,97.0:1,33,34.0,33.0:1,3,72,과목평균,,2024년도 제3회 서울특별시 지방공무원 임용시험 현황.xlsx,
서울,공무원,2025,1회,공개경쟁,,행정직군,행정,일반행정,9급,일반,666,10051,15.1:1,6838,68.0,10.3:1,857,88,과목평균,,2025년도 제1회 서울특별시 지방공무원 임용시험 현황 (1).xlsx,
서울,공무원,2025,1회,공개경쟁,,행정직군,행정,일반행정,9급,지방의회,22,301,13.7:1,154,51.2,7.0:1,33,88,과목평균,,2025년도 제1회 서울특별시 지방공무원 임용시험 현황 (1).xlsx,
서울,공무원,2025,1회,공개경쟁,,행정직군,행정,일반행정,9급,장애인,41,256,6.2:1,184,71.9,4.5:1,54,53,과목평균,,2025년도 제1회 서울특별시 지방공무원 임용시험 현황 (1).xlsx,
서울,공무원,2025,1회,공개경쟁,,행정직군,행정,일반행정,9급,저소득층,81,397,4.9:1,272,68.5,3.4:1,105,64,과목평균,,2025년도 제1회 서울특별시 지방공무원 임용시험 현황 (1).xlsx,
서울,공무원,2025,1회,공개경쟁,,행정직군,세무,지방세,9급,일반,98,2058,21.0:1,1260,61.2,12.9:1,151,84,과목평균,,2025년도 제1회 서울특별시 지방공무원 임용시험 현황 (1).xlsx,
서울,공무원,2025,1회,공개경쟁,,행정직군,세무,지방세,9급,장애인,6,23,3.8:1,11,47.8,1.8:1,5,55,과목평균,,2025년도 제1회 서울특별시 지방공무원 임용시험 현황 (1).xlsx,
서울,공무원,2025,1회,공개경쟁,,행정직군,세무,지방세,9급,저소득층,12,71,5.9:1,42,59.2,3.5:1,16,57,과목평균,,2025년도 제1회 서울특별시 지방공무원 임용시험 현황 (1).xlsx,
서울,공무원,2025,1회,공개경쟁,,행정직군,사회복지,사회복지,9급,일반,121,1534,12.7:1,1129,73.6,9.3:1,150,81,과목평균,78,2025년도 제1회 서울특별시 지방공무원 임용시험 현황 (1).xlsx,
서울,공무원,2025,1회,공개경쟁,,행정직군,사회복지,사회복지,9급,장애인,8,47,5.9:1,36,76.6,4.5:1,8,52,과목평균,,2025년도 제1회 서울특별시 지방공무원 임용시험 현황 (1).xlsx,
서울,공무원,2025,1회,공개경쟁,,행정직군,사회복지,사회복지,9급,저소득층,14,104,7.4:1,73,70.2,5.2:1,18,64,과목평균,,2025년도 제1회 서울특별시 지방공무원 임용시험 현황 (1).xlsx,
서울,공무원,2025,1회,공개경쟁,,행정직군,사서,사서,9급,일반,13,398,30.6:1,243,61.1,18.7:1,20,90,과목평균,87,2025년도 제1회 서울특별시 지방공무원 임용시험 현황 (1).xlsx,
서울,공무원,2025,1회,공개경쟁,,행정직군,속기,속기,9급,지방의회,3,47,15.7:1,31,66.0,10.3:1,6,88,과목평균,,2025년도 제1회 서울특별시 지방공무원 임용시험 현황 (1).xlsx,
서울,공무원,2025,1회,공개경쟁,,행정직군,방호,방호,9급,지방의회,1,238,238.0:1,121,50.8,121.0:1,3,91.67,과목평균,,2025년도 제1회 서울특별시 지방공무원 임용시험 현황 (1).xlsx,
서울,공무원,2025,1회,공개경쟁,,과학기술직군,공업,일반기계,9급,일반,15,135,9.0:1,79,58.5,5.3:1,22,83,과목평균,80,2025년도 제1회 서울특별시 지방공무원 임용시험 현황 (1).xlsx,
서울,공무원,2025,1회,공개경쟁,,과학기술직군,공업,일반기계,9급,장애인,2,3,1.5:1,2,66.7,1.0:1,0,,과목평균,,2025년도 제1회 서울특별시 지방공무원 임용시험 현황 (1).xlsx,
서울,공무원,2025,1회,공개경쟁,,과학기술직군,공업,일반기계,9급,저소득층,2,6,3.0:1,6,100.0,3.0:1,3,57,과목평균,,2025년도 제1회 서울특별시 지방공무원 임용시험 현황 (1).xlsx,
서울,공무원,2025,1회,공개경쟁,,과학기술직군,공업,일반전기,9급,일반,21,192,9.1:1,111,57.8,5.3:1,29,79,과목평균,,2025년도 제1회 서울특별시 지방공무원 임용시험 현황 (1).xlsx,
서울,공무원,2025,1회,공개경쟁,,과학기술직군,공업,일반전기,9급,장애인,2,6,3.0:1,2,33.3,1.0:1,0,,과목평균,,2025년도 제1회 서울특별시 지방공무원 임용시험 현황 (1).xlsx,
서울,공무원,2025,1회,공개경쟁,,과학기술직군,공업,일반전기,9급,저소득층,3,7,2.3:1,4,57.1,1.3:1,3,59,과목평균,,2025년도 제1회 서울특별시 지방공무원 임용시험 현황 (1).xlsx,
서울,공무원,2025,1회,공개경쟁,,과학기술직군,공업,일반화공,9급,일반,7,105,15.0:1,69,65.7,9.9:1,9,88,과목평균,,2025년도 제1회 서울특별시 지방공무원 임용시험 현황 (1).xlsx,
서울,공무원,2025,1회,공개경쟁,,과학기술직군,농업,일반농업,9급,일반,2,67,33.5:1,40,59.7,20.0:1,4,86,과목평균,,2025년도 제1회 서울특별시 지방공무원 임용시험 현황 (1).xlsx,
서울,공무원,2025,1회,공개경쟁,,과학기술직군,농업,축산,9급,일반,3,27,9.0:1,19,70.4,6.3:1,5,86,과목평균,,2025년도 제1회 서울특별시 지방공무원 임용시험 현황 (1).xlsx,
서울,공무원,2025,1회,공개경쟁,,과학기술직군,농업,축산,9급,저소득층,1,4,4.0:1,0,,,0,,과목평균,,2025년도 제1회 서울특별시 지방공무원 임용시험 현황 (1).xlsx,
서울,공무원,2025,1회,공개경쟁,,과학기술직군,녹지,산림자원,9급,일반,13,136,10.5:1,99,72.8,7.6:1,18,85,과목평균,,2025년도 제1회 서울특별시 지방공무원 임용시험 현황 (1).xlsx,
서울,공무원,2025,1회,공개경쟁,,과학기술직군,녹지,산림자원,9급,장애인,3,5,1.7:1,3,60.0,1.0:1,0,,과목평균,,2025년도 제1회 서울특별시 지방공무원 임용시험 현황 (1).xlsx,
서울,공무원,2025,1회,공개경쟁,,과학기술직군,녹지,산림자원,9급,저소득층,3,8,2.7:1,3,37.5,1.0:1,1,63,과목평균,,2025년도 제1회 서울특별시 지방공무원 임용시험 현황 (1).xlsx,
서울,공무원,2025,1회,공개경쟁,,과학기술직군,녹지,조경,9급,일반,13,159,12.2:1,107,67.3,8.2:1,17,80,과목평균,,2025년도 제1회 서울특별시 지방공무원 임용시험 현황 (1).xlsx,
서울,공무원,2025,1회,공개경쟁,,과학기술직군,녹지,조경,9급,장애인,3,3,1.0:1,3,100.0,1.0:1,1,70,과목평균,,2025년도 제1회 서울특별시 지방공무원 임용시험 현황 (1).xlsx,
서울,공무원,2025,1회,공개경쟁,,과학기술직군,녹지,조경,9급,저소득층,3,8,2.7:1,5,62.5,1.7:1,2,55,과목평균,,2025년도 제1회 서울특별시 지방공무원 임용시험 현황 (1).xlsx,
서울,공무원,2025,1회,공개경쟁,,과학기술직군,보건,보건,9급,일반,3,303,101.0:1,202,66.7,67.3:1,6,98,과목평균,,2025년도 제1회 서울특별시 지방공무원 임용시험 현황 (1).xlsx,
서울,공무원,2025,1회,공개경쟁,,과학기술직군,보건,보건,9급,저소득층,1,10,10.0:1,6,60.0,6.0:1,3,63,과목평균,,2025년도 제1회 서울특별시 지방공무원 임용시험 현황 (1).xlsx,
서울,공무원,2025,1회,공개경쟁,,과학기술직군,간호,간호,8급,일반,89,875,9.8:1,573,65.5,6.4:1,131,90,과목평균,87,2025년도 제1회 서울특별시 지방공무원 임용시험 현황 (1).xlsx,
서울,공무원,2025,1회,공개경쟁,,과학기술직군,환경,일반환경,9급,일반,3,95,31.7:1,55,57.9,18.3:1,6,87,과목평균,,2025년도 제1회 서울특별시 지방공무원 임용시험 현황 (1).xlsx,
서울,공무원,2025,1회,공개경쟁,,과학기술직군,시설,일반토목,9급,일반,114,620,5.4:1,420,67.7,3.7:1,154,68,과목평균,,2025년도 제1회 서울특별시 지방공무원 임용시험 현황 (1).xlsx,
서울,공무원,2025,1회,공개경쟁,,과학기술직군,시설,일반토목,9급,장애인,12,3,0.2:1,3,100.0,0.2:1,0,,과목평균,,2025년도 제1회 서울특별시 지방공무원 임용시험 현황 (1).xlsx,
서울,공무원,2025,1회,공개경쟁,,과학기술직군,시설,일반토목,9급,저소득층,13,9,0.7:1,6,66.7,0.5:1,2,60,과목평균,,2025년도 제1회 서울특별시 지방공무원 임용시험 현황 (1).xlsx,
서울,공무원,2025,1회,공개경쟁,,과학기술직군,시설,건축,9급,일반,52,424,8.2:1,267,63.0,5.1:1,70,77,과목평균,,2025년도 제1회 서울특별시 지방공무원 임용시험 현황 (1).xlsx,
서울,공무원,2025,1회,공개경쟁,,과학기술직군,시설,건축,9급,장애인,4,11,2.8:1,11,100.0,2.8:1,5,53,과목평균,,2025년도 제1회 서울특별시 지방공무원 임용시험 현황 (1).xlsx,
서울,공무원,2025,1회,공개경쟁,,과학기술직군,시설,건축,9급,저소득층,6,10,1.7:1,8,80.0,1.3:1,4,60,과목평균,,2025년도 제1회 서울특별시 지방공무원 임용시험 현황 (1).xlsx,
서울,공무원,2025,1회,공개경쟁,,과학기술직군,시설,지적,9급,일반,16,165,10.3:1,117,70.9,7.3:1,21,81,과목평균,,2025년도 제1회 서울특별시 지방공무원 임용시험 현황 (1).xlsx,
서울,공무원,2025,1회,공개경쟁,,과학기술직군,시설,지적,9급,장애인,2,2,1.0:1,1,50.0,0.5:1,0,,과목평균,,2025년도 제1회 서울특별시 지방공무원 임용시험 현황 (1).xlsx,
서울,공무원,2025,1회,공개경쟁,,과학기술직군,시설,지적,9급,저소득층,2,0,,0,,,0,,과목평균,,2025년도 제1회 서울특별시 지방공무원 임용시험 현황 (1).xlsx,
서울,공무원,2025,1회,공개경쟁,,과학기술직군,방재안전,방재안전,9급,일반,9,76,8.4:1,46,60.5,5.1:1,12,78,과목평균,,2025년도 제1회 서울특별시 지방공무원 임용시험 현황 (1).xlsx,
서울,공무원,2025,1회,공개경쟁,,과학기술직군,방재안전,방재안전,9급,저소득층,1,0,,0,,,0,,과목평균,,2025년도 제1회 서울특별시 지방공무원 임용시험 현황 (1).xlsx,
서울,공무원,2025,1회,공개경쟁,,과학기술직군,방송통신,통신기술,9급,일반,6,134,22.3:1,60,44.8,10.0:1,11,76,과목평균,75,2025년도 제1회 서울특별시 지방공무원 임용시험 현황 (1).xlsx,
서울,공무원,2025,1회,공개경쟁,,과학기술직군,방송통신,통신기술,9급,장애인,1,4,4.0:1,4,100.0,4.0:1,1,73,과목평균,,2025년도 제1회 서울특별시 지방공무원 임용시험 현황 (1).xlsx,
서울,공무원,2025,1회,공개경쟁,,과학기술직군,방송통신,통신기술,9급,저소득층,1,4,4.0:1,0,,,0,,과목평균,,2025년도 제1회 서울특별시 지방공무원 임용시험 현황 (1).xlsx,
서울,공무원,2025,1회,공개경쟁,,과학기술직군,시설관리,기계시설,9급,일반,28,398,14.2:1,242,60.8,8.6:1,41,78.33,과목평균,76.67,2025년도 제1회 서울특별시 지방공무원 임용시험 현황 (1).xlsx,
서울,공무원,2025,1회,공개경쟁,,과학기술직군,시설관리,기계시설,9급,장애인,3,21,7.0:1,15,71.4,5.0:1,5,51.33,과목평균,,2025년도 제1회 서울특별시 지방공무원 임용시험 현황 (1).xlsx,
서울,공무원,2025,1회,공개경쟁,,과학기술직군,시설관리,기계시설,9급,저소득층,4,27,6.8:1,17,63.0,4.2:1,6,56.67,과목평균,,2025년도 제1회 서울특별시 지방공무원 임용시험 현황 (1).xlsx,
서울,공무원,2025,1회,공개경쟁,,과학기술직군,시설관리,전기시설,9급,일반,31,309,10.0:1,161,52.1,5.2:1,40,75,과목평균,,2025년도 제1회 서울특별시 지방공무원 임용시험 현황 (1).xlsx,
서울,공무원,2025,1회,공개경쟁,,과학기술직군,시설관리,전기시설,9급,장애인,3,5,1.7:1,2,40.0,0.7:1,0,,과목평균,,2025년도 제1회 서울특별시 지방공무원 임용시험 현황 (1).xlsx,
서울,공무원,2025,1회,공개경쟁,,과학기술직군,시설관리,전기시설,9급,저소득층,4,13,3.2:1,8,61.5,2.0:1,2,58.33,과목평균,,2025년도 제1회 서울특별시 지방공무원 임용시험 현황 (1).xlsx,
서울,공무원,2025,2회,공개경쟁,,행정직군,행정,일반행정,7급,일반,63,7402,117.5:1,3916,52.9,62.2:1,90,88,과목평균,,2025년도 제2회 서울특별시 지방공무원 임용시험 현황.xlsx,
서울,공무원,2025,2회,공개경쟁,,행정직군,행정,일반행정,7급,장애인,3,92,30.7:1,43,46.7,14.3:1,5,77,과목평균,,2025년도 제2회 서울특별시 지방공무원 임용시험 현황.xlsx,
서울,공무원,2025,2회,공개경쟁,,행정직군,행정,감사,7급,일반,2,253,126.5:1,87,34.4,43.5:1,5,81,과목평균,,2025년도 제2회 서울특별시 지방공무원 임용시험 현황.xlsx,
서울,공무원,2025,2회,공개경쟁,,행정직군,세무,지방세,7급,일반,2,802,401.0:1,254,31.7,127.0:1,4,82,과목평균,,2025년도 제2회 서울특별시 지방공무원 임용시험 현황.xlsx,
서울,공무원,2025,2회,공개경쟁,,과학기술직군,공업,일반기계,7급,일반,2,201,100.5:1,74,36.8,37.0:1,6,81,과목평균,,2025년도 제2회 서울특별시 지방공무원 임용시험 현황.xlsx,
서울,공무원,2025,2회,공개경쟁,,과학기술직군,공업,일반전기,7급,일반,3,231,77.0:1,80,34.6,26.7:1,5,71,과목평균,,2025년도 제2회 서울특별시 지방공무원 임용시험 현황.xlsx,
서울,공무원,2025,2회,공개경쟁,,과학기술직군,공업,일반화공,7급,일반,1,132,132.0:1,56,42.4,56.0:1,3,80,과목평균,,2025년도 제2회 서울특별시 지방공무원 임용시험 현황.xlsx,
서울,공무원,2025,2회,공개경쟁,,과학기술직군,녹지,산림자원,7급,일반,2,136,68.0:1,67,49.3,33.5:1,4,82,과목평균,,2025년도 제2회 서울특별시 지방공무원 임용시험 현황.xlsx,
서울,공무원,2025,2회,공개경쟁,,과학기술직군,녹지,조경,7급,일반,2,161,80.5:1,55,34.2,27.5:1,4,66,과목평균,,2025년도 제2회 서울특별시 지방공무원 임용시험 현황.xlsx,
서울,공무원,2025,2회,공개경쟁,,과학기술직군,시설,일반토목,7급,일반,15,413,27.5:1,156,37.8,10.4:1,21,66,과목평균,,2025년도 제2회 서울특별시 지방공무원 임용시험 현황.xlsx,
서울,공무원,2025,2회,공개경쟁,,과학기술직군,시설,일반토목,7급,장애인,1,2,2.0:1,1,50.0,1.0:1,0,,과목평균,,2025년도 제2회 서울특별시 지방공무원 임용시험 현황.xlsx,
서울,공무원,2025,2회,공개경쟁,,과학기술직군,시설,건축,7급,일반,6,313,52.2:1,104,33.2,17.3:1,9,74,과목평균,,2025년도 제2회 서울특별시 지방공무원 임용시험 현황.xlsx,
서울,공무원,2025,2회,공개경쟁,,과학기술직군,시설,건축,7급,장애인,1,8,8.0:1,4,50.0,4.0:1,1,60,과목평균,,2025년도 제2회 서울특별시 지방공무원 임용시험 현황.xlsx,
서울,공무원,2025,2회,공개경쟁,,과학기술직군,시설,지적,7급,일반,2,59,29.5:1,19,32.2,9.5:1,4,65,과목평균,,2025년도 제2회 서울특별시 지방공무원 임용시험 현황.xlsx,
부산,공무원,2024,1회,공개경쟁,,행정직군,행정,일반행정,9급,일반,222,4560,20.5:1,3482,76.4,15.7:1,236,88.00,과목평균,,2024년도 제1회 부산광역시 지방공무원 임용 필기시험 합격선(게시).hwp,
부산,공무원,2024,1회,공개경쟁,,행정직군,행정,일반행정,9급,장애인,25,108,4.3:1,82,75.9,3.3:1,9,52.00,과목평균,,2024년도 제1회 부산광역시 지방공무원 임용 필기시험 합격선(게시).hwp,
부산,공무원,2024,1회,공개경쟁,,행정직군,행정,일반행정,9급,저소득층,8,118,14.8:1,82,69.5,10.2:1,12,82.00,과목평균,,2024년도 제1회 부산광역시 지방공무원 임용 필기시험 합격선(게시).hwp,
부산,공무원,2024,1회,공개경쟁,,행정직군,세무,지방세,9급,일반,15,655,43.7:1,435,66.4,29.0:1,20,86.00,과목평균,,2024년도 제1회 부산광역시 지방공무원 임용 필기시험 합격선(게시).hwp,
부산,공무원,2024,1회,공개경쟁,,행정직군,세무,지방세,9급,장애인,1,8,8.0:1,4,50.0,4.0:1,,,과목평균,,2024년도 제1회 부산광역시 지방공무원 임용 필기시험 합격선(게시).hwp,
부산,공무원,2024,1회,공개경쟁,,행정직군,전산,전산,9급,일반,3,200,66.7:1,121,60.5,40.3:1,4,90.00,과목평균,,2024년도 제1회 부산광역시 지방공무원 임용 필기시험 합격선(게시).hwp,
부산,공무원,2024,1회,공개경쟁,,행정직군,사회복지,사회복지,9급,일반,18,764,42.4:1,590,77.2,32.8:1,24,88.00,과목평균,,2024년도 제1회 부산광역시 지방공무원 임용 필기시험 합격선(게시).hwp,
부산,공무원,2024,1회,공개경쟁,,행정직군,사회복지,사회복지,9급,장애인,2,29,14.5:1,23,79.3,11.5:1,1,61.00,과목평균,,2024년도 제1회 부산광역시 지방공무원 임용 필기시험 합격선(게시).hwp,
부산,공무원,2024,1회,공개경쟁,,행정직군,사서,사서,9급,일반,8,228,28.5:1,157,68.9,19.6:1,10,87.00,과목평균,,2024년도 제1회 부산광역시 지방공무원 임용 필기시험 합격선(게시).hwp,
부산,공무원,2024,1회,공개경쟁,,행정직군,사서,사서,9급,장애인,1,3,3.0:1,2,66.7,2.0:1,,,과목평균,,2024년도 제1회 부산광역시 지방공무원 임용 필기시험 합격선(게시).hwp,
부산,공무원,2024,1회,공개경쟁,,행정직군,속기,속기,9급,일반,2,13,6.5:1,10,76.9,5.0:1,4,73.00,과목평균,,2024년도 제1회 부산광역시 지방공무원 임용 필기시험 합격선(게시).hwp,
부산,공무원,2024,1회,공개경쟁,,기술직군,공업,일반기계,9급,일반,26,166,6.4:1,112,67.5,4.3:1,31,83.00,과목평균,,2024년도 제1회 부산광역시 지방공무원 임용 필기시험 합격선(게시).hwp,
부산,공무원,2024,1회,공개경쟁,,기술직군,공업,일반기계,9급,장애인,2,3,1.5:1,2,66.7,1.0:1,1,82.00,과목평균,,2024년도 제1회 부산광역시 지방공무원 임용 필기시험 합격선(게시).hwp,
부산,공무원,2024,1회,공개경쟁,,기술직군,공업,일반전기,9급,일반,13,151,11.6:1,93,61.6,7.2:1,17,79.00,과목평균,,2024년도 제1회 부산광역시 지방공무원 임용 필기시험 합격선(게시).hwp,
부산,공무원,2024,1회,공개경쟁,,기술직군,공업,일반전기,9급,장애인,1,2,2.0:1,1,50.0,1.0:1,,,과목평균,,2024년도 제1회 부산광역시 지방공무원 임용 필기시험 합격선(게시).hwp,
부산,공무원,2024,1회,공개경쟁,,기술직군,공업,일반화공,9급,일반,12,73,6.1:1,58,79.5,4.8:1,14,83.00,과목평균,,2024년도 제1회 부산광역시 지방공무원 임용 필기시험 합격선(게시).hwp,
부산,공무원,2024,1회,공개경쟁,,기술직군,공업,일반화공,9급,장애인,1,2,2.0:1,1,50.0,1.0:1,1,67.00,과목평균,,2024년도 제1회 부산광역시 지방공무원 임용 필기시험 합격선(게시).hwp,
부산,공무원,2024,1회,공개경쟁,,기술직군,녹지,산림자원,9급,일반,1,30,30.0:1,16,53.3,16.0:1,3,82.00,과목평균,,2024년도 제1회 부산광역시 지방공무원 임용 필기시험 합격선(게시).hwp,
부산,공무원,2024,1회,공개경쟁,,기술직군,녹지,조경,9급,일반,1,36,36.0:1,22,61.1,22.0:1,3,63.00,과목평균,,2024년도 제1회 부산광역시 지방공무원 임용 필기시험 합격선(게시).hwp,
부산,공무원,2023,1회,공개경쟁,,행정직군,행정,일반행정,9급,일반,365,5532,15.2:1,4161,75.2,11.4:1,417,90.00,과목평균,,2023년도 제1회 부산광역시 지방공무원 임용 필기시험(최종).hwpx,
부산,공무원,2023,1회,공개경쟁,,행정직군,행정,일반행정,9급,장애인,33,133,4.0:1,104,78.2,3.2:1,22,52.00,과목평균,,2023년도 제1회 부산광역시 지방공무원 임용 필기시험(최종).hwpx,
부산,공무원,2023,1회,공개경쟁,,행정직군,행정,일반행정,9급,저소득층,12,152,12.7:1,99,65.1,8.2:1,14,85.00,과목평균,,2023년도 제1회 부산광역시 지방공무원 임용 필기시험(최종).hwpx,
부산,공무원,2023,1회,공개경쟁,,행정직군,세무,지방세,9급,일반,39,736,18.9:1,521,70.8,13.4:1,48,82.00,과목평균,,2023년도 제1회 부산광역시 지방공무원 임용 필기시험(최종).hwpx,
부산,공무원,2023,1회,공개경쟁,,행정직군,세무,지방세,9급,장애인,3,7,2.3:1,2,28.6,0.7:1,1,66.00,과목평균,,2023년도 제1회 부산광역시 지방공무원 임용 필기시험(최종).hwpx,
부산,공무원,2023,1회,공개경쟁,,행정직군,세무,지방세,9급,저소득층,1,17,17.0:1,10,58.8,10.0:1,2,68.00,과목평균,,2023년도 제1회 부산광역시 지방공무원 임용 필기시험(최종).hwpx,
부산,공무원,2023,1회,공개경쟁,,행정직군,전산,전산,9급,일반,7,214,30.6:1,138,64.5,19.7:1,10,84.00,과목평균,,2023년도 제1회 부산광역시 지방공무원 임용 필기시험(최종).hwpx,
부산,공무원,2023,1회,공개경쟁,,행정직군,사회복지,사회복지,9급,일반,100,1129,11.3:1,865,76.6,8.7:1,115,80.00,과목평균,,2023년도 제1회 부산광역시 지방공무원 임용 필기시험(최종).hwpx,
부산,공무원,2023,1회,공개경쟁,,행정직군,사회복지,사회복지,9급,장애인,7,41,5.9:1,35,85.4,5.0:1,4,61.00,과목평균,,2023년도 제1회 부산광역시 지방공무원 임용 필기시험(최종).hwpx,
부산,공무원,2023,1회,공개경쟁,,행정직군,사회복지,사회복지,9급,저소득층,4,55,13.8:1,42,76.4,10.5:1,5,74.00,과목평균,,2023년도 제1회 부산광역시 지방공무원 임용 필기시험(최종).hwpx,
부산,공무원,2023,1회,공개경쟁,,행정직군,사서,사서,9급,일반,6,237,39.5:1,168,70.9,28.0:1,8,91.00,과목평균,,2023년도 제1회 부산광역시 지방공무원 임용 필기시험(최종).hwpx,
부산,공무원,2023,1회,공개경쟁,,행정직군,속기,속기,9급,일반,1,10,10.0:1,8,80.0,8.0:1,2,80.00,과목평균,,2023년도 제1회 부산광역시 지방공무원 임용 필기시험(최종).hwpx,
부산,공무원,2023,1회,공개경쟁,,기술직군,공업,일반기계,9급,일반,30,205,6.8:1,140,68.3,4.7:1,32,81.00,과목평균,,2023년도 제1회 부산광역시 지방공무원 임용 필기시험(최종).hwpx,
부산,공무원,2023,1회,공개경쟁,,기술직군,공업,일반기계,9급,장애인,3,6,2.0:1,6,100.0,2.0:1,1,58.00,과목평균,,2023년도 제1회 부산광역시 지방공무원 임용 필기시험(최종).hwpx,
부산,공무원,2023,1회,공개경쟁,,기술직군,공업,일반전기,9급,일반,36,203,5.6:1,134,66.0,3.7:1,46,82.00,과목평균,,2023년도 제1회 부산광역시 지방공무원 임용 필기시험(최종).hwpx,
부산,공무원,2023,1회,공개경쟁,,기술직군,공업,일반전기,9급,장애인,4,3,0.8:1,1,33.3,0.2:1,1,67.00,과목평균,,2023년도 제1회 부산광역시 지방공무원 임용 필기시험(최종).hwpx,
부산,공무원,2023,1회,공개경쟁,,기술직군,공업,일반화공,9급,일반,21,112,5.3:1,94,83.9,4.5:1,26,86.00,과목평균,,2023년도 제1회 부산광역시 지방공무원 임용 필기시험(최종).hwpx,
부산,공무원,2023,1회,공개경쟁,,기술직군,공업,일반화공,9급,장애인,2,0,,0,,,0,,과목평균,,2023년도 제1회 부산광역시 지방공무원 임용 필기시험(최종).hwpx,
부산,공무원,2023,1회,공개경쟁,,기술직군,녹지,산림자원,9급,일반,15,8,0.5:1,,,,,,과목평균,,2023년도 제1회 부산광역시 지방공무원 임용 필기시험(최종).hwpx,
부산,공무원,2025,1회,공개경쟁,,행정직군,행정,일반행정,9급,일반,77,3789,49.2:1,2779,73.3,36.1:1,78,92,과목평균,,2025년도 제1회 부산광역시 지방공무원 임용 필기시험 합격선(게시용).hwpx,
부산,공무원,2025,1회,공개경쟁,,행정직군,행정,일반행정,9급,장애인,11,101,9.2:1,65,64.4,5.9:1,11,62,과목평균,,2025년도 제1회 부산광역시 지방공무원 임용 필기시험 합격선(게시용).hwpx,
부산,공무원,2025,1회,공개경쟁,,행정직군,행정,일반행정,9급,저소득층,3,93,31.0:1,63,67.7,21.0:1,4,87,과목평균,,2025년도 제1회 부산광역시 지방공무원 임용 필기시험 합격선(게시용).hwpx,
부산,공무원,2025,1회,공개경쟁,,행정직군,세무,지방세,9급,일반,22,694,31.5:1,439,63.3,20.0:1,22,86,과목평균,,2025년도 제1회 부산광역시 지방공무원 임용 필기시험 합격선(게시용).hwpx,
부산,공무원,2025,1회,공개경쟁,,행정직군,세무,지방세,9급,장애인,3,10,3.3:1,5,50.0,1.7:1,1,80,과목평균,,2025년도 제1회 부산광역시 지방공무원 임용 필기시험 합격선(게시용).hwpx,
부산,공무원,2025,1회,공개경쟁,,행정직군,세무,지방세,9급,저소득층,1,18,18.0:1,11,61.1,11.0:1,2,67,과목평균,,2025년도 제1회 부산광역시 지방공무원 임용 필기시험 합격선(게시용).hwpx,
부산,공무원,2025,1회,공개경쟁,,행정직군,전산,전산,9급,일반,2,185,92.5:1,96,51.9,48.0:1,4,92,과목평균,,2025년도 제1회 부산광역시 지방공무원 임용 필기시험 합격선(게시용).hwpx,
부산,공무원,2025,1회,공개경쟁,,행정직군,사회복지,사회복지,9급,일반,5,490,98.0:1,348,71.0,69.6:1,9,88,과목평균,,2025년도 제1회 부산광역시 지방공무원 임용 필기시험 합격선(게시용).hwpx,
부산,공무원,2025,1회,공개경쟁,,행정직군,사서,사서,9급,일반,3,164,54.7:1,102,62.2,34.0:1,5,86,과목평균,,2025년도 제1회 부산광역시 지방공무원 임용 필기시험 합격선(게시용).hwpx,
부산,공무원,2025,1회,공개경쟁,,행정직군,속기,속기,9급,일반,2,14,7.0:1,12,85.7,6.0:1,4,81,과목평균,,2025년도 제1회 부산광역시 지방공무원 임용 필기시험 합격선(게시용).hwpx,
부산,공무원,2025,1회,공개경쟁,,기술직군,공업,일반기계,9급,일반,10,151,15.1:1,93,61.6,9.3:1,12,89,과목평균,,2025년도 제1회 부산광역시 지방공무원 임용 필기시험 합격선(게시용).hwpx,
부산,공무원,2025,1회,공개경쟁,,기술직군,공업,일반기계,9급,장애인,1,2,2.0:1,2,100.0,2.0:1,0,0,과목평균,,2025년도 제1회 부산광역시 지방공무원 임용 필기시험 합격선(게시용).hwpx,
부산,공무원,2025,1회,공개경쟁,,기술직군,공업,일반전기,9급,일반,5,100,20.0:1,63,63.0,12.6:1,7,82,과목평균,,2025년도 제1회 부산광역시 지방공무원 임용 필기시험 합격선(게시용).hwpx,
부산,공무원,2025,1회,공개경쟁,,기술직군,공업,일반화공,9급,일반,1,28,28.0:1,17,60.7,17.0:1,3,81,과목평균,,2025년도 제1회 부산광역시 지방공무원 임용 필기시험 합격선(게시용).hwpx,
부산,공무원,2025,1회,공개경쟁,,기술직군,농업,일반농업,9급,일반,1,39,39.0:1,21,53.8,21.0:1,3,91,과목평균,,2025년도 제1회 부산광역시 지방공무원 임용 필기시험 합격선(게시용).hwpx,
부산,공무원,2025,1회,공개경쟁,,기술직군,녹지,산림자원,9급,일반,1,18,18.0:1,11,61.1,11.0:1,3,77,과목평균,,2025년도 제1회 부산광역시 지방공무원 임용 필기시험 합격선(게시용).hwpx,
부산,공무원,2025,1회,공개경쟁,,기술직군,녹지,조경,9급,일반,1,35,35.0:1,15,42.9,15.0:1,3,77,과목평균,,2025년도 제1회 부산광역시 지방공무원 임용 필기시험 합격선(게시용).hwpx,
부산,공무원,2025,1회,공개경쟁,,기술직군,보건,보건,9급,일반,1,143,143.0:1,116,81.1,116.0:1,2,99,과목평균,,2025년도 제1회 부산광역시 지방공무원 임용 필기시험 합격선(게시용).hwpx,
부산,공무원,2025,1회,공개경쟁,,기술직군,식품위생,식품위생,9급,일반,2,88,44.0:1,63,71.6,31.5:1,4,96,과목평균,,2025년도 제1회 부산광역시 지방공무원 임용 필기시험 합격선(게시용).hwpx,
부산,공무원,2025,1회,공개경쟁,,기술직군,간호,간호,9급,일반,2,213,106.5:1,155,72.8,77.5:1,4,96,과목평균,,2025년도 제1회 부산광역시 지방공무원 임용 필기시험 합격선(게시용).hwpx,
부산,공무원,2025,1회,공개경쟁,,기술직군,환경,일반환경,8급,일반,5,109,21.8:1,77,70.6,15.4:1,6,87,과목평균,,2025년도 제1회 부산광역시 지방공무원 임용 필기시험 합격선(게시용).hwpx,
부산,공무원,2023,2회,공개경쟁,,행정직군,행정,일반행정,7급,일반,7,1539,219.9:1,830,53.9,118.6:1,12,95.00,과목평균,,2023년도 제2회 부산광역시 지방공무원 임용 필기시험 합격선(게시).pdf,
부산,공무원,2024,2회,공개경쟁,,행정직군,행정,일반행정,7급,일반,5,585,117.0:1,10,1.7,2.0:1,94.00,,과목평균,,2024년도 제2회 부산광역시 지방공무원 임용 필기시험 합격선(게시).pdf,
부산,공무원,2025,2회,공개경쟁,,,행정,일반행정,7급,일반,10,,,564,,56.4:1,14,87,과목평균,,2025년도 제2회 부산광역시 지방공무원 임용 필기시험 합격선.hwp,
대구,공무원,2023,2회,공개경쟁,,,행정,일반행정,9급,일반,220,4197,19.1:1,3086,73.5,14.0:1,259,90,과목평균,,2023(붙임3) 합격선(제2회 지방공무원 임용 필기시험).hwp,
대구,공무원,2023,2회,공개경쟁,,,행정,일반행정,9급,저소득층,8,109,13.6:1,72,66.1,9.0:1,9,85,과목평균,,2023(붙임3) 합격선(제2회 지방공무원 임용 필기시험).hwp,
대구,공무원,2023,2회,공개경쟁,,,행정,일반행정,9급,장애인,14,119,8.5:1,89,74.8,6.4:1,16,52,과목평균,,2023(붙임3) 합격선(제2회 지방공무원 임용 필기시험).hwp,
대구,공무원,2023,2회,공개경쟁,,,세무,지방세,9급,일반,10,492,49.2:1,345,70.1,34.5:1,15,84,과목평균,,2023(붙임3) 합격선(제2회 지방공무원 임용 필기시험).hwp,
대구,공무원,2023,2회,공개경쟁,,,전산,전산,9급,일반,11,186,16.9:1,116,62.4,10.5:1,15,79,과목평균,,2023(붙임3) 합격선(제2회 지방공무원 임용 필기시험).hwp,
대구,공무원,2023,2회,공개경쟁,,,사회복지,사회복지,9급,일반,18,648,36.0:1,480,74.1,26.7:1,25,86,과목평균,,2023(붙임3) 합격선(제2회 지방공무원 임용 필기시험).hwp,
대구,공무원,2023,2회,공개경쟁,,,사회복지,사회복지,9급,장애인,2,20,10.0:1,17,85.0,8.5:1,1,53,과목평균,,2023(붙임3) 합격선(제2회 지방공무원 임용 필기시험).hwp,
대구,공무원,2023,2회,공개경쟁,,,속기,속기,9급,일반,1,13,13.0:1,9,69.2,9.0:1,3,69,과목평균,,2023(붙임3) 합격선(제2회 지방공무원 임용 필기시험).hwp,
대구,공무원,2023,2회,공개경쟁,,,공업,일반기계,9급,일반,9,149,16.6:1,97,65.1,10.8:1,13,84,과목평균,,2023(붙임3) 합격선(제2회 지방공무원 임용 필기시험).hwp,
대구,공무원,2023,2회,공개경쟁,,,공업,일반전기,9급,일반,21,173,8.2:1,104,60.1,5.0:1,25,80,과목평균,,2023(붙임3) 합격선(제2회 지방공무원 임용 필기시험).hwp,
대구,공무원,2023,2회,공개경쟁,,,농업,일반농업,9급,일반,6,80,13.3:1,60,75.0,10.0:1,9,93,과목평균,,2023(붙임3) 합격선(제2회 지방공무원 임용 필기시험).hwp,
대구,공무원,2023,2회,공개경쟁,,,농업,축산,9급,일반,4,31,7.8:1,23,74.2,5.8:1,7,79,과목평균,,2023(붙임3) 합격선(제2회 지방공무원 임용 필기시험).hwp,
대구,공무원,2023,2회,공개경쟁,,,녹지,산림자원,9급,일반,4,88,22.0:1,66,75.0,16.5:1,7,89,과목평균,,2023(붙임3) 합격선(제2회 지방공무원 임용 필기시험).hwp,
대구,공무원,2023,2회,공개경쟁,,,보건진료,보건진료,9급,일반,2,229,114.5:1,168,73.4,84.0:1,5,89,과목평균,,2023(붙임3) 합격선(제2회 지방공무원 임용 필기시험).hwp,
대구,공무원,2023,2회,공개경쟁,,,환경,일반환경,9급,일반,4,95,23.8:1,69,72.6,17.2:1,7,90,과목평균,,2023(붙임3) 합격선(제2회 지방공무원 임용 필기시험).hwp,
대구,공무원,2023,2회,공개경쟁,,,시설,일반토목,9급,일반,18,221,12.3:1,159,71.9,8.8:1,25,76,과목평균,,2023(붙임3) 합격선(제2회 지방공무원 임용 필기시험).hwp,
대구,공무원,2023,2회,공개경쟁,,,방송통신,통신기술,9급,일반,13,98,7.5:1,67,68.4,5.2:1,15,68,과목평균,,2023(붙임3) 합격선(제2회 지방공무원 임용 필기시험).hwp,
대구,공무원,2023,3회,공개경쟁,,,행정,일반행정,7급,일반,12,1338,111.5:1,777,58.1,64.8:1,16,94,과목평균,,2023(붙임2) 합격선(제3회 지방공무원 임용 필기시험) (1).hwp,
대구,공무원,2024,3회,공개경쟁,,,행정,일반행정,7급,일반,6,1113,185.5:1,530,47.6,88.3:1,9,94,과목평균,,2024(붙임2) 합격선(제3회 지방공무원 임용 필기시험).hwp,
대구,공무원,2025,3회,공개경쟁,,,행정,일반행정,7급,일반,2,681,340.5:1,331,48.6,165.5:1,4,88,과목평균,,2025★(붙임2) 합격선(제3회 지방공무원 임용 필기시험).hwp,
대구,공무원,2024,2회,공개경쟁,,,행정,일반행정,9급,일반,62,3408,55.0:1,2563,75.2,41.3:1,84,90,과목평균,,2024합격선(2024년 제2회 지방공무원 임용 필기시험).pdf,
대구,공무원,2024,2회,공개경쟁,,,행정,일반행정,9급,저소득층,6,95,15.8:1,57,60.0,9.5:1,11,82,과목평균,,2024합격선(2024년 제2회 지방공무원 임용 필기시험).pdf,
대구,공무원,2024,2회,공개경쟁,,,행정,일반행정,9급,장애인,7,111,15.9:1,83,74.8,11.9:1,10,68,과목평균,,2024합격선(2024년 제2회 지방공무원 임용 필기시험).pdf,
대구,공무원,2024,2회,공개경쟁,,,세무,지방세,9급,일반,13,540,41.5:1,371,68.7,28.5:1,19,84,과목평균,,2024합격선(2024년 제2회 지방공무원 임용 필기시험).pdf,
대구,공무원,2024,2회,공개경쟁,,,전산,전산,9급,일반,8,236,29.5:1,162,68.6,20.2:1,10,87,과목평균,,2024합격선(2024년 제2회 지방공무원 임용 필기시험).pdf,
대구,공무원,2024,2회,공개경쟁,,,사회복지,사회복지,9급,일반,4,384,96.0:1,268,69.8,67.0:1,8,88,과목평균,,2024합격선(2024년 제2회 지방공무원 임용 필기시험).pdf,
대구,공무원,2024,2회,공개경쟁,,,사회복지,사회복지,9급,장애인,1,21,21.0:1,14,66.7,14.0:1,4,63,과목평균,,2024합격선(2024년 제2회 지방공무원 임용 필기시험).pdf,
대구,공무원,2024,2회,공개경쟁,,,사서,사서,9급,일반,5,98,19.6:1,54,55.1,10.8:1,7,80,과목평균,,2024합격선(2024년 제2회 지방공무원 임용 필기시험).pdf,
대구,공무원,2024,2회,공개경쟁,,,공업,일반기계,9급,일반,8,107,13.4:1,74,69.2,9.2:1,10,90,과목평균,,2024합격선(2024년 제2회 지방공무원 임용 필기시험).pdf,
대구,공무원,2024,2회,공개경쟁,,,공업,일반전기,9급,일반,7,128,18.3:1,90,70.3,12.9:1,8,89,과목평균,,2024합격선(2024년 제2회 지방공무원 임용 필기시험).pdf,
대구,공무원,2024,2회,공개경쟁,,,공업,일반화공,9급,일반,6,52,8.7:1,38,73.1,6.3:1,9,82,과목평균,,2024합격선(2024년 제2회 지방공무원 임용 필기시험).pdf,
대구,공무원,2024,2회,공개경쟁,,,농업,축산,9급,일반,2,30,15.0:1,23,76.7,11.5:1,4,74,과목평균,,2024합격선(2024년 제2회 지방공무원 임용 필기시험).pdf,
대구,공무원,2024,2회,공개경쟁,,,녹지,산림자원,9급,일반,4,98,24.5:1,72,73.5,18.0:1,7,88,과목평균,,2024합격선(2024년 제2회 지방공무원 임용 필기시험).pdf,
대구,공무원,2024,2회,공개경쟁,,,보건,보건,9급,일반,1,167,167.0:1,116,69.5,116.0:1,3,94,과목평균,,2024합격선(2024년 제2회 지방공무원 임용 필기시험).pdf,
대구,공무원,2024,2회,공개경쟁,,,간호,간호,8급,일반,1,136,136.0:1,103,75.7,103.0:1,3,91,과목평균,,2024합격선(2024년 제2회 지방공무원 임용 필기시험).pdf,
대구,공무원,2024,2회,공개경쟁,,,환경,일반환경,9급,일반,6,74,12.3:1,54,73.0,9.0:1,9,87,과목평균,,2024합격선(2024년 제2회 지방공무원 임용 필기시험).pdf,
대구,공무원,2024,2회,공개경쟁,,,시설,도시계획,9급,일반,7,53,7.6:1,34,64.2,4.9:1,8,78,과목평균,,2024합격선(2024년 제2회 지방공무원 임용 필기시험).pdf,
대구,공무원,2024,2회,공개경쟁,,,시설,일반토목,9급,일반,14,158,11.3:1,112,70.9,8.0:1,16,80,과목평균,,2024합격선(2024년 제2회 지방공무원 임용 필기시험).pdf,
대구,공무원,2024,2회,공개경쟁,,,시설,건축,9급,일반,5,89,17.8:1,54,60.7,10.8:1,7,80,과목평균,,2024합격선(2024년 제2회 지방공무원 임용 필기시험).pdf,
대구,공무원,2024,2회,공개경쟁,,,시설,지적,9급,일반,10,99,9.9:1,78,78.8,7.8:1,13,87,과목평균,,2024합격선(2024년 제2회 지방공무원 임용 필기시험).pdf,
대구,공무원,2024,2회,공개경쟁,,,방재안전,방재안전,9급,일반,2,30,15.0:1,19,63.3,9.5:1,4,86,과목평균,,2024합격선(2024년 제2회 지방공무원 임용 필기시험).pdf,
대구,공무원,2024,2회,공개경쟁,,,방송통신,통신기술,9급,일반,6,80,13.3:1,53,66.2,8.8:1,8,75,과목평균,,2024합격선(2024년 제2회 지방공무원 임용 필기시험).pdf,
대구,공무원,2025,2회,공개경쟁,,,행정,일반행정,9급,일반,45,2709,60.2:1,1899,70.1,42.2:1,62,92,과목평균,,2025★(붙임2) 2025년도 제2회 지방공무원 임용 필기시험 합격선 (2).pdf,
대구,공무원,2025,2회,공개경쟁,,,행정,일반행정,9급,저소득층,4,73,18.2:1,45,61.6,11.2:1,6,75,과목평균,,2025★(붙임2) 2025년도 제2회 지방공무원 임용 필기시험 합격선 (2).pdf,
대구,공무원,2025,2회,공개경쟁,,,행정,일반행정,9급,장애인,7,98,14.0:1,69,70.4,9.9:1,9,65,과목평균,,2025★(붙임2) 2025년도 제2회 지방공무원 임용 필기시험 합격선 (2).pdf,
대구,공무원,2025,2회,공개경쟁,,,세무,지방세,9급,일반,33,631,19.1:1,422,66.9,12.8:1,45,83,과목평균,,2025★(붙임2) 2025년도 제2회 지방공무원 임용 필기시험 합격선 (2).pdf,
대구,공무원,2025,2회,공개경쟁,,,세무,지방세,9급,저소득층,2,14,7.0:1,9,64.3,4.5:1,4,63,과목평균,,2025★(붙임2) 2025년도 제2회 지방공무원 임용 필기시험 합격선 (2).pdf,
대구,공무원,2025,2회,공개경쟁,,,세무,지방세,9급,장애인,5,2,0.4:1,1,50.0,0.2:1,0,,과목평균,,2025★(붙임2) 2025년도 제2회 지방공무원 임용 필기시험 합격선 (2).pdf,
대구,공무원,2025,2회,공개경쟁,,,전산,전산,9급,일반,9,328,36.4:1,196,59.8,21.8:1,10,93,과목평균,,2025★(붙임2) 2025년도 제2회 지방공무원 임용 필기시험 합격선 (2).pdf,
대구,공무원,2025,2회,공개경쟁,,,사회복지,사회복지,9급,일반,16,386,24.1:1,288,74.6,18.0:1,22,85,과목평균,,2025★(붙임2) 2025년도 제2회 지방공무원 임용 필기시험 합격선 (2).pdf,
대구,공무원,2025,2회,공개경쟁,,,사회복지,사회복지,9급,저소득층,1,15,15.0:1,11,73.3,11.0:1,2,59,과목평균,,2025★(붙임2) 2025년도 제2회 지방공무원 임용 필기시험 합격선 (2).pdf,
대구,공무원,2025,2회,공개경쟁,,,사회복지,사회복지,9급,장애인,2,23,11.5:1,15,65.2,7.5:1,2,58,과목평균,,2025★(붙임2) 2025년도 제2회 지방공무원 임용 필기시험 합격선 (2).pdf,
대구,공무원,2025,2회,공개경쟁,,,사서,사서,9급,일반,5,103,20.6:1,60,58.3,12.0:1,7,79,과목평균,,2025★(붙임2) 2025년도 제2회 지방공무원 임용 필기시험 합격선 (2).pdf,
대구,공무원,2025,2회,공개경쟁,,,속기,속기,9급,일반,3,26,8.7:1,15,57.7,5.0:1,5,77,과목평균,,2025★(붙임2) 2025년도 제2회 지방공무원 임용 필기시험 합격선 (2).pdf,
대구,공무원,2025,2회,공개경쟁,,,공업,일반기계,9급,일반,20,129,6.5:1,79,61.2,4.0:1,24,70,과목평균,,2025★(붙임2) 2025년도 제2회 지방공무원 임용 필기시험 합격선 (2).pdf,
대구,공무원,2025,2회,공개경쟁,,,공업,일반전기,9급,일반,18,135,7.5:1,82,60.7,4.6:1,22,78,과목평균,,2025★(붙임2) 2025년도 제2회 지방공무원 임용 필기시험 합격선 (2).pdf,
대구,공무원,2025,2회,공개경쟁,,,공업,일반화공,9급,일반,6,77,12.8:1,55,71.4,9.2:1,8,85,과목평균,,2025★(붙임2) 2025년도 제2회 지방공무원 임용 필기시험 합격선 (2).pdf,
대구,공무원,2025,2회,공개경쟁,,,농업,일반농업,9급,일반,3,82,27.3:1,49,59.8,16.3:1,5,93,과목평균,,2025★(붙임2) 2025년도 제2회 지방공무원 임용 필기시험 합격선 (2).pdf,
대구,공무원,2025,2회,공개경쟁,,,녹지,산림자원,9급,일반,13,137,10.5:1,100,73.0,7.7:1,16,82,과목평균,,2025★(붙임2) 2025년도 제2회 지방공무원 임용 필기시험 합격선 (2).pdf,
대구,공무원,2025,2회,공개경쟁,,,환경,일반환경,9급,일반,8,90,11.2:1,56,62.2,7.0:1,9,86,과목평균,,2025★(붙임2) 2025년도 제2회 지방공무원 임용 필기시험 합격선 (2).pdf,
대구,공무원,2025,2회,공개경쟁,,,시설,도시계획,9급,일반,4,47,11.8:1,35,74.5,8.8:1,6,77,과목평균,,2025★(붙임2) 2025년도 제2회 지방공무원 임용 필기시험 합격선 (2).pdf,
대구,공무원,2025,2회,공개경쟁,,,시설,일반토목,9급,일반,80,358,4.5:1,228,63.7,2.9:1,100,66,과목평균,,2025★(붙임2) 2025년도 제2회 지방공무원 임용 필기시험 합격선 (2).pdf,
대구,공무원,2025,2회,공개경쟁,,,시설,건축,9급,일반,29,145,5.0:1,97,66.9,3.3:1,34,71,과목평균,,2025★(붙임2) 2025년도 제2회 지방공무원 임용 필기시험 합격선 (2).pdf,
대구,공무원,2025,2회,공개경쟁,,,시설,지적,9급,일반,4,68,17.0:1,44,64.7,11.0:1,6,77,과목평균,,2025★(붙임2) 2025년도 제2회 지방공무원 임용 필기시험 합격선 (2).pdf,
대구,공무원,2025,2회,공개경쟁,,,방송통신,통신기술,9급,일반,5,74,14.8:1,46,62.2,9.2:1,8,79,과목평균,,2025★(붙임2) 2025년도 제2회 지방공무원 임용 필기시험 합격선 (2).pdf,
인천,공무원,2023,1회,공개경쟁,시·구,,간호,간호,8급,일반,13,235,18.1:1,178,75.7,13.7:1,20,89,과목평균,,2023 인천.pdf,총점445
인천,공무원,2023,1회,공개경쟁,강화군,,간호,간호,8급,일반,1,16,16.0:1,13,81.2,13.0:1,3,82,과목평균,,2023 인천.pdf,총점410
인천,공무원,2023,1회,공개경쟁,시·구,,행정,일반행정,9급,일반,164,2860,17.4:1,2128,74.4,13.0:1,243,89,과목평균,,2023 인천.pdf,총점445
인천,공무원,2023,1회,공개경쟁,강화군,,행정,일반행정,9급,일반,16,82,5.1:1,68,82.9,4.2:1,19,80,과목평균,,2023 인천.pdf,총점400
인천,공무원,2023,1회,공개경쟁,옹진군,,행정,일반행정,9급,일반,18,108,6.0:1,82,75.9,4.6:1,23,78,과목평균,,2023 인천.pdf,총점390
인천,공무원,2023,1회,공개경쟁,시·구,,행정,일반행정,9급,장애인,16,69,4.3:1,50,72.5,3.1:1,9,49,과목평균,,2023 인천.pdf,총점245
인천,공무원,2023,1회,공개경쟁,강화군,,행정,일반행정,9급,장애인,3,2,0.7:1,2,100.0,0.7:1,0,,과목평균,,2023 인천.pdf,미선발
인천,공무원,2023,1회,공개경쟁,옹진군,,행정,일반행정,9급,장애인,5,1,0.2:1,1,100.0,0.2:1,0,,과목평균,,2023 인천.pdf,미선발
인천,공무원,2023,1회,공개경쟁,시·구,,행정,일반행정,9급,저소득층,11,83,7.5:1,57,68.7,5.2:1,13,70,과목평균,,2023 인천.pdf,총점350
인천,공무원,2023,1회,공개경쟁,강화군,,행정,일반행정,9급,저소득층,1,2,2.0:1,2,100.0,2.0:1,1,66,과목평균,,2023 인천.pdf,총점330
인천,공무원,2023,1회,공개경쟁,옹진군,,행정,일반행정,9급,저소득층,2,2,1.0:1,2,100.0,1.0:1,0,,과목평균,,2023 인천.pdf,미선발
인천,공무원,2023,1회,공개경쟁,시·구,,세무,지방세,9급,일반,21,391,18.6:1,275,70.3,13.1:1,25,82,과목평균,,2023 인천.pdf,총점410
인천,공무원,2023,1회,공개경쟁,시·구,,세무,지방세,9급,장애인,5,4,0.8:1,4,100.0,0.8:1,0,,과목평균,,2023 인천.pdf,미선발
인천,공무원,2023,1회,공개경쟁,시·구,,전산,전산,9급,일반,6,139,23.2:1,90,64.7,15.0:1,8,86,과목평균,,2023 인천.pdf,총점430
인천,공무원,2023,1회,공개경쟁,옹진군,,전산,전산,9급,일반,1,9,9.0:1,5,55.6,5.0:1,3,59,과목평균,,2023 인천.pdf,총점295
인천,공무원,2023,1회,공개경쟁,시·구,,사회복지,사회복지,9급,일반,50,694,13.9:1,541,78.0,10.8:1,68,81,과목평균,,2023 인천.pdf,총점405
인천,공무원,2023,1회,공개경쟁,강화군,,사회복지,사회복지,9급,일반,1,10,10.0:1,8,80.0,8.0:1,3,72,과목평균,,2023 인천.pdf,총점360
인천,공무원,2023,1회,공개경쟁,옹진군,,사회복지,사회복지,9급,일반,2,18,9.0:1,16,88.9,8.0:1,4,64,과목평균,,2023 인천.pdf,총점320
인천,공무원,2023,1회,공개경쟁,시·구,,사회복지,사회복지,9급,장애인,6,20,3.3:1,15,75.0,2.5:1,0,,과목평균,,2023 인천.pdf,미선발
인천,공무원,2023,1회,공개경쟁,옹진군,,사회복지,사회복지,9급,장애인,1,0,0.0:1,0,,0.0:1,0,,과목평균,,2023 인천.pdf,미선발
인천,공무원,2023,1회,공개경쟁,시·구,,사회복지,사회복지,9급,저소득층,3,33,11.0:1,26,78.8,8.7:1,5,64,과목평균,,2023 인천.pdf,총점320
인천,공무원,2023,1회,공개경쟁,시·구,,사서,사서,9급,일반,4,75,18.8:1,43,57.3,10.8:1,9,73,과목평균,,2023 인천.pdf,총점365
인천,공무원,2023,1회,공개경쟁,시·구,,사서,사서,9급,장애인,1,1,1.0:1,1,100.0,1.0:1,0,,과목평균,,2023 인천.pdf,미선발
인천,공무원,2023,1회,공개경쟁,시·구,,공업,일반기계,9급,일반,17,98,5.8:1,66,67.3,3.9:1,23,77,과목평균,,2023 인천.pdf,총점385
인천,공무원,2023,1회,공개경쟁,시·구,,공업,일반기계,9급,저소득층,1,1,1.0:1,1,100.0,1.0:1,0,,과목평균,,2023 인천.pdf,미선발
인천,공무원,2023,1회,공개경쟁,시·구,,공업,일반전기,9급,일반,9,101,11.2:1,67,66.3,7.4:1,11,78,과목평균,,2023 인천.pdf,총점390
인천,공무원,2023,1회,공개경쟁,시·구,,공업,일반전기,9급,저소득층,1,0,0.0:1,0,,0.0:1,0,,과목평균,,2023 인천.pdf,미선발
인천,공무원,2023,1회,공개경쟁,시·구,,공업,일반화공,9급,일반,3,28,9.3:1,17,60.7,5.7:1,5,86,과목평균,,2023 인천.pdf,총점430
인천,공무원,2023,1회,공개경쟁,시·구,,농업,일반농업,9급,일반,3,34,11.3:1,28,82.4,9.3:1,6,83,과목평균,,2023 인천.pdf,총점415
인천,공무원,2023,1회,공개경쟁,시·구,,농업,축산,9급,일반,3,15,5.0:1,13,86.7,4.3:1,5,75,과목평균,,2023 인천.pdf,총점375
인천,공무원,2023,1회,공개경쟁,시·구,,녹지,산림자원,9급,일반,15,62,4.1:1,43,69.4,2.9:1,18,83,과목평균,,2023 인천.pdf,총점415
인천,공무원,2023,1회,공개경쟁,강화군,,녹지,산림자원,9급,일반,1,11,11.0:1,7,63.6,7.0:1,1,62,과목평균,,2023 인천.pdf,총점310
인천,공무원,2023,1회,공개경쟁,옹진군,,녹지,산림자원,9급,일반,1,6,6.0:1,5,83.3,5.0:1,2,69,과목평균,,2023 인천.pdf,총점345
인천,공무원,2023,1회,공개경쟁,시·구,,녹지,조경,9급,일반,4,13,3.2:1,9,69.2,2.2:1,6,62,과목평균,,2023 인천.pdf,총점310
인천,공무원,2023,1회,공개경쟁,시·구,,해양수산,일반수산,9급,일반,5,26,5.2:1,19,73.1,3.8:1,7,72,과목평균,,2023 인천.pdf,총점360
인천,공무원,2023,1회,공개경쟁,시·구,,해양수산,일반수산,9급,장애인,1,0,0.0:1,0,,0.0:1,0,,과목평균,,2023 인천.pdf,미선발
인천,공무원,2023,1회,공개경쟁,시·구,,보건,보건,9급,일반,18,306,17.0:1,237,77.5,13.2:1,27,93,과목평균,,2023 인천.pdf,총점465
인천,공무원,2023,1회,공개경쟁,강화군,,보건,보건,9급,일반,2,16,8.0:1,12,75.0,6.0:1,4,69,과목평균,,2023 인천.pdf,총점345
인천,공무원,2023,1회,공개경쟁,시·구,,환경,일반환경,9급,일반,13,96,7.4:1,79,82.3,6.1:1,16,82,과목평균,,2023 인천.pdf,총점410
인천,공무원,2023,1회,공개경쟁,시·구,,시설,일반토목,9급,일반,35,206,5.9:1,166,80.6,4.7:1,43,68,과목평균,,2023 인천.pdf,총점340
인천,공무원,2023,1회,공개경쟁,강화군,,시설,일반토목,9급,일반,4,16,4.0:1,13,81.2,3.2:1,2,54,과목평균,,2023 인천.pdf,총점270
인천,공무원,2023,1회,공개경쟁,옹진군,,시설,일반토목,9급,일반,5,14,2.8:1,12,85.7,2.4:1,4,57,과목평균,,2023 인천.pdf,총점285
인천,공무원,2023,1회,공개경쟁,시·구,,시설,일반토목,9급,장애인,1,0,0.0:1,0,,0.0:1,0,,과목평균,,2023 인천.pdf,미선발
인천,공무원,2023,1회,공개경쟁,시·구,,시설,일반토목,9급,저소득층,1,3,3.0:1,1,33.3,1.0:1,0,,과목평균,,2023 인천.pdf,미선발
인천,공무원,2023,1회,공개경쟁,시·구,,시설,건축,9급,일반,30,153,5.1:1,111,72.5,3.7:1,36,71,과목평균,,2023 인천.pdf,총점355
인천,공무원,2023,1회,공개경쟁,강화군,,시설,건축,9급,일반,2,7,3.5:1,5,71.4,2.5:1,3,71,과목평균,,2023 인천.pdf,총점355
인천,공무원,2023,1회,공개경쟁,옹진군,,시설,건축,9급,일반,2,3,1.5:1,2,66.7,1.0:1,1,62,과목평균,,2023 인천.pdf,총점310
인천,공무원,2023,1회,공개경쟁,시·구,,시설,건축,9급,장애인,1,1,1.0:1,1,100.0,1.0:1,0,,과목평균,,2023 인천.pdf,미선발
인천,공무원,2023,1회,공개경쟁,시·구,,시설,지적,9급,일반,9,40,4.4:1,34,85.0,3.8:1,11,73,과목평균,,2023 인천.pdf,총점365
인천,공무원,2023,1회,공개경쟁,시·구,,방재안전,방재안전,9급,일반,1,13,13.0:1,7,53.8,7.0:1,4,66,과목평균,,2023 인천.pdf,총점330
인천,공무원,2023,1회,공개경쟁,시·구,,방송통신,통신기술,9급,일반,6,41,6.8:1,35,85.4,5.8:1,9,62,과목평균,,2023 인천.pdf,총점310
인천,공무원,2023,1회,공개경쟁,강화군,,방송통신,통신기술,9급,일반,1,3,3.0:1,3,100.0,3.0:1,1,66,과목평균,,2023 인천.pdf,총점330
인천,공무원,2023,1회,공개경쟁,옹진군,,방송통신,통신기술,9급,일반,1,2,2.0:1,1,50.0,1.0:1,0,,과목평균,,2023 인천.pdf,미선발
인천,공무원,2023,1회,공개경쟁,시·구,,시설관리,기계시설,9급,일반,1,14,14.0:1,5,35.7,5.0:1,3,60,과목평균,,2023 인천.pdf,총점180
인천,공무원,2023,1회,공개경쟁,시·구,,시설관리,화공시설,9급,일반,4,11,2.8:1,6,54.5,1.5:1,4,58,과목평균,,2023 인천.pdf,총점175
인천,공무원,2024,1회,공개경쟁,시·구,,간호,간호,8급,일반,11,163,14.8:1,111,68.1,10.1:1,14,90,과목평균,,2024 인천.pdf,총점450
인천,공무원,2024,1회,공개경쟁,강화군,,간호,간호,8급,일반,2,11,5.5:1,9,81.8,4.5:1,4,85,과목평균,,2024 인천.pdf,총점425
인천,공무원,2024,1회,공개경쟁,시·구,,행정,일반행정,9급,일반,168,2302,13.7:1,1734,75.3,10.3:1,218,85,과목평균,,2024 인천.pdf,총점425
인천,공무원,2024,1회,공개경쟁,강화군,,행정,일반행정,9급,일반,10,75,7.5:1,61,81.3,6.1:1,12,79,과목평균,,2024 인천.pdf,총점395
인천,공무원,2024,1회,공개경쟁,옹진군,,행정,일반행정,9급,일반,25,115,4.6:1,96,83.5,3.8:1,31,73,과목평균,,2024 인천.pdf,총점365
인천,공무원,2024,1회,공개경쟁,시·구,,행정,일반행정,9급,장애인,18,62,3.4:1,43,69.4,2.4:1,10,49,과목평균,,2024 인천.pdf,총점245
인천,공무원,2024,1회,공개경쟁,강화군,,행정,일반행정,9급,장애인,3,1,0.3:1,1,100.0,0.3:1,0,,과목평균,,2024 인천.pdf,미선발
인천,공무원,2024,1회,공개경쟁,옹진군,,행정,일반행정,9급,장애인,6,0,0.0:1,0,,0.0:1,0,,과목평균,,2024 인천.pdf,미선발
인천,공무원,2024,1회,공개경쟁,시·구,,행정,일반행정,9급,저소득층,8,77,9.6:1,54,70.1,6.8:1,10,59,과목평균,,2024 인천.pdf,총점295
인천,공무원,2024,1회,공개경쟁,강화군,,행정,일반행정,9급,저소득층,1,2,2.0:1,2,100.0,2.0:1,0,,과목평균,,2024 인천.pdf,미선발
인천,공무원,2024,1회,공개경쟁,옹진군,,행정,일반행정,9급,저소득층,2,4,2.0:1,4,100.0,2.0:1,0,,과목평균,,2024 인천.pdf,미선발
인천,공무원,2024,1회,공개경쟁,시·구,,세무,지방세,9급,일반,20,386,19.3:1,265,68.7,13.2:1,28,77,과목평균,,2024 인천.pdf,총점385
인천,공무원,2024,1회,공개경쟁,옹진군,,세무,지방세,9급,일반,2,10,5.0:1,9,90.0,4.5:1,5,65,과목평균,,2024 인천.pdf,총점325
인천,공무원,2024,1회,공개경쟁,시·구,,세무,지방세,9급,장애인,4,4,1.0:1,1,25.0,0.2:1,1,69,과목평균,,2024 인천.pdf,총점345
인천,공무원,2024,1회,공개경쟁,시·구,,세무,지방세,9급,저소득층,1,6,6.0:1,3,50.0,3.0:1,0,,과목평균,,2024 인천.pdf,미선발
인천,공무원,2024,1회,공개경쟁,시·구,,전산,전산,9급,일반,3,93,31.0:1,55,59.1,18.3:1,5,85,과목평균,,2024 인천.pdf,총점425
인천,공무원,2024,1회,공개경쟁,시·구,,사회복지,사회복지,9급,일반,15,444,29.6:1,342,77.0,22.8:1,18,88,과목평균,,2024 인천.pdf,총점440
인천,공무원,2024,1회,공개경쟁,강화군,,사회복지,사회복지,9급,일반,1,12,12.0:1,10,83.3,10.0:1,3,79,과목평균,,2024 인천.pdf,총점395
인천,공무원,2024,1회,공개경쟁,옹진군,,사회복지,사회복지,9급,일반,1,16,16.0:1,13,81.2,13.0:1,3,70,과목평균,,2024 인천.pdf,총점350
인천,공무원,2024,1회,공개경쟁,옹진군,,사회복지,사회복지,9급,장애인,1,2,2.0:1,2,100.0,2.0:1,0,,과목평균,,2024 인천.pdf,미선발
인천,공무원,2024,1회,공개경쟁,시·구,,사회복지,사회복지,9급,저소득층,1,27,27.0:1,19,70.4,19.0:1,3,63,과목평균,,2024 인천.pdf,총점315
인천,공무원,2024,1회,공개경쟁,시·구,,사서,사서,9급,일반,3,73,24.3:1,47,64.4,15.7:1,5,83,과목평균,,2024 인천.pdf,총점415
인천,공무원,2024,1회,공개경쟁,시·구,,사서,사서,9급,장애인,1,0,0.0:1,0,,0.0:1,0,,과목평균,,2024 인천.pdf,미선발
인천,공무원,2024,1회,공개경쟁,시·구,,공업,일반기계,9급,일반,3,43,14.3:1,28,65.1,9.3:1,5,77,과목평균,,2024 인천.pdf,총점385
인천,공무원,2024,1회,공개경쟁,강화군,,공업,일반기계,9급,일반,1,1,1.0:1,1,100.0,1.0:1,0,,과목평균,,2024 인천.pdf,미선발
인천,공무원,2024,1회,공개경쟁,시·구,,공업,일반전기,9급,일반,9,80,8.9:1,58,72.5,6.4:1,14,82,과목평균,,2024 인천.pdf,총점410
인천,공무원,2024,1회,공개경쟁,강화군,,공업,일반전기,9급,일반,1,2,2.0:1,2,100.0,2.0:1,1,72,과목평균,,2024 인천.pdf,총점360
인천,공무원,2024,1회,공개경쟁,시·구,,공업,일반화공,9급,일반,5,30,6.0:1,22,73.3,4.4:1,7,81,과목평균,,2024 인천.pdf,총점405
인천,공무원,2024,1회,공개경쟁,시·구,,농업,일반농업,9급,일반,1,12,12.0:1,8,66.7,8.0:1,3,72,과목평균,,2024 인천.pdf,총점360
인천,공무원,2024,1회,공개경쟁,옹진군,,농업,일반농업,9급,일반,2,14,7.0:1,11,78.6,5.5:1,4,73,과목평균,,2024 인천.pdf,총점365
인천,공무원,2024,1회,공개경쟁,시·구,,농업,축산,9급,일반,2,15,7.5:1,11,73.3,5.5:1,4,83,과목평균,,2024 인천.pdf,총점415
인천,공무원,2024,1회,공개경쟁,시·구,,녹지,산림자원,9급,일반,3,30,10.0:1,26,86.7,8.7:1,6,78,과목평균,,2024 인천.pdf,총점390
인천,공무원,2024,1회,공개경쟁,시·구,,보건,보건,9급,일반,10,211,21.1:1,156,73.9,15.6:1,14,94,과목평균,,2024 인천.pdf,총점470
인천,공무원,2024,1회,공개경쟁,강화군,,보건,보건,9급,일반,1,7,7.0:1,7,100.0,7.0:1,3,83,과목평균,,2024 인천.pdf,총점415
인천,공무원,2024,1회,공개경쟁,옹진군,,보건,보건,9급,일반,6,31,5.2:1,27,87.1,4.5:1,8,89,과목평균,,2024 인천.pdf,총점445
인천,공무원,2024,1회,공개경쟁,시·구,,환경,일반환경,9급,일반,10,76,7.6:1,57,75.0,5.7:1,12,78,과목평균,,2024 인천.pdf,총점390
인천,공무원,2024,1회,공개경쟁,시·구,,시설,일반토목,9급,일반,27,136,5.0:1,92,67.6,3.4:1,31,50,과목평균,,2024 인천.pdf,총점250
인천,공무원,2024,1회,공개경쟁,강화군,,시설,일반토목,9급,일반,6,25,4.2:1,19,76.0,3.2:1,8,59,과목평균,,2024 인천.pdf,총점295
인천,공무원,2024,1회,공개경쟁,시·구,,시설,일반토목,9급,장애인,1,0,0.0:1,0,,0.0:1,0,,과목평균,,2024 인천.pdf,미선발
인천,공무원,2024,1회,공개경쟁,시·구,,시설,일반토목,9급,저소득층,2,2,1.0:1,0,0.0,0.0:1,0,,과목평균,,2024 인천.pdf,미선발
인천,공무원,2024,1회,공개경쟁,시·구,,시설,건축,9급,일반,28,114,4.1:1,80,70.2,2.9:1,34,54,과목평균,,2024 인천.pdf,총점270
인천,공무원,2024,1회,공개경쟁,강화군,,시설,건축,9급,일반,1,3,3.0:1,2,66.7,2.0:1,1,78,과목평균,,2024 인천.pdf,총점390
인천,공무원,2024,1회,공개경쟁,옹진군,,시설,건축,9급,일반,2,3,1.5:1,3,100.0,1.5:1,1,60,과목평균,,2024 인천.pdf,총점300
인천,공무원,2024,1회,공개경쟁,시·구,,시설,건축,9급,장애인,1,0,0.0:1,0,,0.0:1,0,,과목평균,,2024 인천.pdf,미선발
인천,공무원,2024,1회,공개경쟁,시·구,,시설,지적,9급,일반,11,50,4.5:1,44,88.0,4.0:1,13,76,과목평균,,2024 인천.pdf,총점380
인천,공무원,2024,1회,공개경쟁,옹진군,,시설,지적,9급,일반,1,2,2.0:1,2,100.0,2.0:1,1,52,과목평균,,2024 인천.pdf,총점260
인천,공무원,2024,1회,공개경쟁,시·구,,방재안전,방재안전,9급,일반,9,50,5.6:1,29,58.0,3.2:1,11,70,과목평균,,2024 인천.pdf,총점350
인천,공무원,2024,1회,공개경쟁,옹진군,,방재안전,방재안전,9급,일반,2,6,3.0:1,6,100.0,3.0:1,4,67,과목평균,,2024 인천.pdf,총점335
인천,공무원,2024,1회,공개경쟁,시·구,,방송통신,통신기술,9급,일반,7,68,9.7:1,41,60.3,5.9:1,8,72,과목평균,,2024 인천.pdf,총점360
인천,공무원,2024,1회,공개경쟁,옹진군,,방송통신,통신기술,9급,일반,1,3,3.0:1,1,33.3,1.0:1,0,,과목평균,,2024 인천.pdf,미선발
인천,공무원,2025,1회,공개경쟁,시·구,,간호,간호,8급,일반,18,160,8.9:1,112,70.0,6.2:1,22,86,과목평균,,2025 인천.pdf,총점430
인천,공무원,2025,1회,공개경쟁,강화군,,간호,간호,8급,일반,1,6,6.0:1,5,83.3,5.0:1,3,77,과목평균,,2025 인천.pdf,총점385
인천,공무원,2025,1회,공개경쟁,시·구,,행정,일반행정,9급,일반,209,2201,10.5:1,1588,72.1,7.6:1,252,85,과목평균,,2025 인천.pdf,총점425
인천,공무원,2025,1회,공개경쟁,강화군,,행정,일반행정,9급,일반,18,104,5.8:1,81,77.9,4.5:1,22,70,과목평균,,2025 인천.pdf,총점350
인천,공무원,2025,1회,공개경쟁,옹진군,,행정,일반행정,9급,일반,17,93,5.5:1,76,81.7,4.5:1,22,74,과목평균,,2025 인천.pdf,총점370
인천,공무원,2025,1회,공개경쟁,시·구,,행정,일반행정,9급,장애인,27,58,2.1:1,41,70.7,1.5:1,5,59,과목평균,,2025 인천.pdf,총점295
인천,공무원,2025,1회,공개경쟁,강화군,,행정,일반행정,9급,장애인,4,2,0.5:1,2,100.0,0.5:1,1,58,과목평균,,2025 인천.pdf,총점290
인천,공무원,2025,1회,공개경쟁,옹진군,,행정,일반행정,9급,장애인,3,0,0.0:1,0,,0.0:1,0,,과목평균,,2025 인천.pdf,총점-
인천,공무원,2025,1회,공개경쟁,시·구,,행정,일반행정,9급,저소득층,12,76,6.3:1,54,71.1,4.5:1,14,69,과목평균,,2025 인천.pdf,총점345
인천,공무원,2025,1회,공개경쟁,강화군,,행정,일반행정,9급,저소득층,1,1,1.0:1,0,0.0,0.0:1,0,,과목평균,,2025 인천.pdf,총점-
인천,공무원,2025,1회,공개경쟁,옹진군,,행정,일반행정,9급,저소득층,1,4,4.0:1,3,75.0,3.0:1,2,58,과목평균,,2025 인천.pdf,총점290
인천,공무원,2025,1회,공개경쟁,시·구,,세무,지방세,9급,일반,28,393,14.0:1,253,64.4,9.0:1,35,80,과목평균,,2025 인천.pdf,총점400
인천,공무원,2025,1회,공개경쟁,강화군,,세무,지방세,9급,일반,1,7,7.0:1,4,57.1,4.0:1,2,60,과목평균,,2025 인천.pdf,총점300
인천,공무원,2025,1회,공개경쟁,옹진군,,세무,지방세,9급,일반,1,6,6.0:1,4,66.7,4.0:1,3,55,과목평균,,2025 인천.pdf,총점275
인천,공무원,2025,1회,공개경쟁,시·구,,세무,지방세,9급,장애인,4,2,0.5:1,2,100.0,0.5:1,0,,과목평균,,2025 인천.pdf,총점-
인천,공무원,2025,1회,공개경쟁,옹진군,,세무,지방세,9급,장애인,1,1,1.0:1,0,0.0,0.0:1,0,,과목평균,,2025 인천.pdf,총점-
인천,공무원,2025,1회,공개경쟁,시·구,,세무,지방세,9급,저소득층,1,7,7.0:1,5,71.4,5.0:1,2,59,과목평균,,2025 인천.pdf,총점295
인천,공무원,2025,1회,공개경쟁,시·구,,전산,전산,9급,일반,12,199,16.6:1,125,62.8,10.4:1,14,88,과목평균,,2025 인천.pdf,총점440
인천,공무원,2025,1회,공개경쟁,시·구,,사회복지,사회복지,9급,일반,25,355,14.2:1,264,74.4,10.6:1,33,76,과목평균,,2025 인천.pdf,총점380
인천,공무원,2025,1회,공개경쟁,강화군,,사회복지,사회복지,9급,일반,3,24,8.0:1,18,75.0,6.0:1,4,57,과목평균,,2025 인천.pdf,총점285
인천,공무원,2025,1회,공개경쟁,옹진군,,사회복지,사회복지,9급,일반,2,17,8.5:1,15,88.2,7.5:1,4,65,과목평균,,2025 인천.pdf,총점325
인천,공무원,2025,1회,공개경쟁,시·구,,사회복지,사회복지,9급,장애인,3,9,3.0:1,5,55.6,1.7:1,1,73,과목평균,,2025 인천.pdf,총점365
인천,공무원,2025,1회,공개경쟁,시·구,,사회복지,사회복지,9급,저소득층,2,23,11.5:1,12,52.2,6.0:1,2,63,과목평균,,2025 인천.pdf,총점315
인천,공무원,2025,1회,공개경쟁,시·구,,사서,사서,9급,일반,1,39,39.0:1,17,43.6,17.0:1,2,58,과목평균,,2025 인천.pdf,총점290
인천,공무원,2025,1회,공개경쟁,시·구,,공업,일반기계,9급,일반,22,67,3.0:1,42,62.7,1.9:1,23,58,과목평균,,2025 인천.pdf,총점290
인천,공무원,2025,1회,공개경쟁,강화군,,공업,일반기계,9급,일반,1,2,2.0:1,2,100.0,2.0:1,1,68,과목평균,,2025 인천.pdf,총점340
인천,공무원,2025,1회,공개경쟁,시·구,,공업,일반기계,9급,장애인,2,0,0.0:1,0,,0.0:1,0,,과목평균,,2025 인천.pdf,총점-
인천,공무원,2025,1회,공개경쟁,시·구,,공업,일반기계,9급,저소득층,1,1,1.0:1,1,100.0,1.0:1,0,,과목평균,,2025 인천.pdf,총점-
인천,공무원,2025,1회,공개경쟁,시·구,,공업,일반전기,9급,일반,21,78,3.7:1,56,71.8,2.7:1,20,57,과목평균,,2025 인천.pdf,총점285
인천,공무원,2025,1회,공개경쟁,시·구,,공업,일반전기,9급,장애인,2,1,0.5:1,1,100.0,0.5:1,0,,과목평균,,2025 인천.pdf,총점-
인천,공무원,2025,1회,공개경쟁,시·구,,공업,일반전기,9급,저소득층,1,1,1.0:1,0,0.0,0.0:1,0,,과목평균,,2025 인천.pdf,총점-
인천,공무원,2025,1회,공개경쟁,시·구,,공업,일반화공,9급,일반,7,30,4.3:1,21,70.0,3.0:1,8,80,과목평균,,2025 인천.pdf,총점400
인천,공무원,2025,1회,공개경쟁,시·구,,농업,일반농업,9급,일반,1,14,14.0:1,11,78.6,11.0:1,3,90,과목평균,,2025 인천.pdf,총점450
인천,공무원,2025,1회,공개경쟁,강화군,,농업,일반농업,9급,일반,3,14,4.7:1,9,64.3,3.0:1,2,79,과목평균,,2025 인천.pdf,총점395
인천,공무원,2025,1회,공개경쟁,옹진군,,농업,일반농업,9급,일반,1,1,1.0:1,1,100.0,1.0:1,1,78,과목평균,,2025 인천.pdf,총점390
인천,공무원,2025,1회,공개경쟁,시·구,,농업,축산,9급,일반,2,11,5.5:1,10,90.9,5.0:1,3,56,과목평균,,2025 인천.pdf,총점280
인천,공무원,2025,1회,공개경쟁,시·구,,녹지,산림자원,9급,일반,8,39,4.9:1,27,69.2,3.4:1,10,62,과목평균,,2025 인천.pdf,총점310
인천,공무원,2025,1회,공개경쟁,강화군,,녹지,산림자원,9급,일반,1,7,7.0:1,4,57.1,4.0:1,2,62,과목평균,,2025 인천.pdf,총점310
인천,공무원,2025,1회,공개경쟁,옹진군,,녹지,산림자원,9급,일반,1,2,2.0:1,2,100.0,2.0:1,1,65,과목평균,,2025 인천.pdf,총점325
인천,공무원,2025,1회,공개경쟁,시·구,,해양수산,일반수산,9급,일반,2,22,11.0:1,11,50.0,5.5:1,4,63,과목평균,,2025 인천.pdf,총점315
인천,공무원,2025,1회,공개경쟁,옹진군,,해양수산,일반수산,9급,일반,2,3,1.5:1,3,100.0,1.5:1,1,89,과목평균,,2025 인천.pdf,총점445
인천,공무원,2025,1회,공개경쟁,시·구,,보건,보건,9급,일반,19,200,10.5:1,154,77.0,8.1:1,25,95,과목평균,,2025 인천.pdf,총점475
인천,공무원,2025,1회,공개경쟁,강화군,,보건,보건,9급,일반,4,28,7.0:1,23,82.1,5.8:1,6,79,과목평균,,2025 인천.pdf,총점395
인천,공무원,2025,1회,공개경쟁,시·구,,환경,일반환경,9급,일반,6,76,12.7:1,52,68.4,8.7:1,8,84,과목평균,,2025 인천.pdf,총점420
인천,공무원,2025,1회,공개경쟁,강화군,,환경,일반환경,9급,일반,1,2,2.0:1,1,50.0,1.0:1,1,78,과목평균,,2025 인천.pdf,총점390
인천,공무원,2025,1회,공개경쟁,옹진군,,환경,일반환경,9급,일반,2,0,0.0:1,0,,0.0:1,0,,과목평균,,2025 인천.pdf,총점-
인천,공무원,2025,1회,공개경쟁,시·구,,시설,도시계획,9급,일반,2,14,7.0:1,7,50.0,3.5:1,2,60,과목평균,,2025 인천.pdf,총점300
인천,공무원,2025,1회,공개경쟁,강화군,,시설,도시계획,9급,일반,2,1,0.5:1,1,100.0,0.5:1,1,47,과목평균,,2025 인천.pdf,총점235
인천,공무원,2025,1회,공개경쟁,시·구,,시설,일반토목,9급,일반,33,175,5.3:1,144,82.3,4.4:1,40,70,과목평균,,2025 인천.pdf,총점350
인천,공무원,2025,1회,공개경쟁,강화군,,시설,일반토목,9급,일반,4,6,1.5:1,5,83.3,1.2:1,1,55,과목평균,,2025 인천.pdf,총점275
인천,공무원,2025,1회,공개경쟁,옹진군,,시설,일반토목,9급,일반,3,12,4.0:1,6,50.0,2.0:1,2,48,과목평균,,2025 인천.pdf,총점240
인천,공무원,2025,1회,공개경쟁,시·구,,시설,일반토목,9급,장애인,2,0,0.0:1,0,,0.0:1,0,,과목평균,,2025 인천.pdf,총점-
인천,공무원,2025,1회,공개경쟁,시·구,,시설,일반토목,9급,저소득층,1,1,1.0:1,1,100.0,1.0:1,0,,과목평균,,2025 인천.pdf,총점-
인천,공무원,2025,1회,공개경쟁,시·구,,시설,건축,9급,일반,33,121,3.7:1,85,70.2,2.6:1,39,55,과목평균,,2025 인천.pdf,총점275
인천,공무원,2025,1회,공개경쟁,강화군,,시설,건축,9급,일반,2,4,2.0:1,1,25.0,0.5:1,1,57,과목평균,,2025 인천.pdf,총점285
인천,공무원,2025,1회,공개경쟁,옹진군,,시설,건축,9급,일반,3,5,1.7:1,5,100.0,1.7:1,4,45,과목평균,,2025 인천.pdf,총점225
인천,공무원,2025,1회,공개경쟁,시·구,,시설,건축,9급,장애인,2,1,0.5:1,1,100.0,0.5:1,0,,과목평균,,2025 인천.pdf,총점-
인천,공무원,2025,1회,공개경쟁,시·구,,시설,건축,9급,저소득층,1,0,0.0:1,0,,0.0:1,0,,과목평균,,2025 인천.pdf,총점-
인천,공무원,2025,1회,공개경쟁,시·구,,시설,지적,9급,일반,4,27,6.8:1,23,85.2,5.8:1,7,69,과목평균,,2025 인천.pdf,총점345
인천,공무원,2025,1회,공개경쟁,강화군,,시설,지적,9급,일반,1,6,6.0:1,5,83.3,5.0:1,2,68,과목평균,,2025 인천.pdf,총점340
인천,공무원,2025,1회,공개경쟁,시·구,,방재안전,방재안전,9급,일반,2,16,8.0:1,10,62.5,5.0:1,4,63,과목평균,,2025 인천.pdf,총점315
인천,공무원,2025,1회,공개경쟁,시·구,,방송통신,통신기술,9급,일반,6,51,8.5:1,35,68.6,5.8:1,8,76,과목평균,,2025 인천.pdf,총점380
인천,공무원,2025,1회,공개경쟁,시·구,,시설관리,기계시설,9급,일반,3,36,12.0:1,23,63.9,7.7:1,5,76.66,과목평균,,2025 인천.pdf,총점230
인천,공무원,2025,1회,공개경쟁,시·구,,시설관리,전기시설,9급,일반,3,26,8.7:1,13,50.0,4.3:1,5,71.66,과목평균,,2025 인천.pdf,총점215
인천,공무원,2025,1회,공개경쟁,시·구,,시설관리,화공시설,9급,일반,2,12,6.0:1,7,58.3,3.5:1,4,70,과목평균,,2025 인천.pdf,총점210
인천,공무원,2023,1회,공개경쟁,인천광역시,,행정,일반행정,7급,일반,5,695,139.0:1,413,59.4,82.6:1,10,93,과목평균,,2023년도 인천광역시 7급 필기시험 합격자 통계자료(공개용).pdf,총점465
인천,공무원,2023,1회,공개경쟁,인천광역시,,시설,일반토목,7급,일반,1,28,28.0:1,11,39.3,11.0:1,3,60,과목평균,,2023년도 인천광역시 7급 필기시험 합격자 통계자료(공개용).pdf,총점300
인천,공무원,2023,1회,공개경쟁,인천광역시,,시설,건축,7급,일반,1,16,16.0:1,6,37.5,6.0:1,0,,과목평균,,2023년도 인천광역시 7급 필기시험 합격자 통계자료(공개용).pdf,미선발
인천,공무원,2023,1회,공개경쟁,인천광역시,,의료기술,임상심리,9급,일반,1,11,11.0:1,7,63.6,7.0:1,3,68.33,과목평균,,2023년도 인천광역시 7급 필기시험 합격자 통계자료(공개용).pdf,총점205
인천,공무원,2023,1회,공개경쟁,인천광역시,,의료기술,임상병리,9급,일반,1,27,27.0:1,15,55.6,15.0:1,3,83.33,과목평균,,2023년도 인천광역시 7급 필기시험 합격자 통계자료(공개용).pdf,총점250
인천,공무원,2023,1회,공개경쟁,인천광역시,,의료기술,방사선,9급,일반,4,17,4.2:1,11,64.7,2.8:1,7,68.33,과목평균,,2023년도 인천광역시 7급 필기시험 합격자 통계자료(공개용).pdf,총점205
인천,공무원,2023,1회,공개경쟁,강화군,,의료기술,방사선,9급,일반,1,1,1.0:1,1,100.0,1.0:1,1,86.66,과목평균,,2023년도 인천광역시 7급 필기시험 합격자 통계자료(공개용).pdf,총점260
인천,공무원,2023,1회,공개경쟁,인천광역시,,의료기술,물리치료,9급,일반,2,48,24.0:1,30,62.5,15.0:1,5,91.66,과목평균,,2023년도 인천광역시 7급 필기시험 합격자 통계자료(공개용).pdf,총점275
인천,공무원,2023,1회,공개경쟁,인천광역시,,공업,일반기계,9급,기술계고,1,1,1.0:1,1,100.0,1.0:1,1,69.66,과목평균,,2023년도 인천광역시 7급 필기시험 합격자 통계자료(공개용).pdf,총점209
인천,공무원,2023,1회,공개경쟁,인천광역시,,공업,일반전기,9급,기술계고,1,3,3.0:1,3,100.0,3.0:1,1,89.66,과목평균,,2023년도 인천광역시 7급 필기시험 합격자 통계자료(공개용).pdf,총점269
인천,공무원,2023,1회,공개경쟁,인천광역시,,시설,일반토목,9급,기술계고,3,3,1.0:1,3,100.0,1.0:1,2,73,과목평균,,2023년도 인천광역시 7급 필기시험 합격자 통계자료(공개용).pdf,총점219
인천,공무원,2023,1회,공개경쟁,인천광역시,,시설,건축,9급,기술계고,2,5,2.5:1,3,60.0,1.5:1,1,70,과목평균,,2023년도 인천광역시 7급 필기시험 합격자 통계자료(공개용).pdf,총점210
인천,공무원,2023,1회,공개경쟁,인천광역시,,시설관리,전기시설,9급,기술계고,4,10,2.5:1,8,80.0,2.0:1,6,60.5,과목평균,,2023년도 인천광역시 7급 필기시험 합격자 통계자료(공개용).pdf,총점121
인천,공무원,2024,1회,공개경쟁,시·구,,행정,일반행정,7급,일반,2,423,211.5:1,220,52.0,110.0:1,4,93,과목평균,,(붙임2)2024년도 인천광역시 지방공무원 임용시험 통계자료.pdf,
인천,공무원,2024,1회,공개경쟁,시·구,,의료기술,방사선,9급,일반,2,18,9.0:1,12,66.7,6.0:1,4,91.67,과목평균,,(붙임2)2024년도 인천광역시 지방공무원 임용시험 통계자료.pdf,
인천,공무원,2024,1회,공개경쟁,시·구,,의료기술,치위생,9급,일반,1,23,23.0:1,18,78.3,18.0:1,3,91.67,과목평균,,(붙임2)2024년도 인천광역시 지방공무원 임용시험 통계자료.pdf,
인천,공무원,2024,1회,공개경쟁,시·구,,의료기술,작업치료,9급,일반,1,16,16.0:1,12,75.0,12.0:1,3,81.67,과목평균,,(붙임2)2024년도 인천광역시 지방공무원 임용시험 통계자료.pdf,
인천,공무원,2024,1회,공개경쟁,시·구,,공업,일반전기,9급,기술계고,1,2,2.0:1,2,100.0,2.0:1,1,99.67,과목평균,,(붙임2)2024년도 인천광역시 지방공무원 임용시험 통계자료.pdf,
인천,공무원,2024,1회,공개경쟁,시·구,,공업,일반토목,9급,기술계고,1,1,1.0:1,1,100.0,1.0:1,1,99.67,과목평균,,(붙임2)2024년도 인천광역시 지방공무원 임용시험 통계자료.pdf,
인천,공무원,2024,1회,공개경쟁,시·구,,시설,건축,9급,기술계고,1,4,4.0:1,4,100.0,4.0:1,3,69.67,과목평균,,(붙임2)2024년도 인천광역시 지방공무원 임용시험 통계자료.pdf,
인천,공무원,2025,1회,공개경쟁,시·구,,행정,일반행정,7급,일반,2,417,208.5:1,212,50.8,106.0:1,4,86,과목평균,,2025년도 인천광역시 지방공무원 7급 필기시험 통계자료(공개용).pdf,총점430
인천,공무원,2025,1회,공개경쟁,강화군,,해양수산,선박항해,9급,일반,1,3,3.0:1,2,66.7,2.0:1,0,,과목평균,,2025년도 인천광역시 지방공무원 7급 필기시험 통계자료(공개용).pdf,미선발
인천,공무원,2025,1회,공개경쟁,강화군,,해양수산,선박기관,9급,일반,1,1,1.0:1,0,0.0,0.0:1,0,,과목평균,,2025년도 인천광역시 지방공무원 7급 필기시험 통계자료(공개용).pdf,미선발
인천,공무원,2025,1회,공개경쟁,시·구,,의료기술,임상병리,9급,일반,2,30,15.0:1,17,56.7,8.5:1,4,85,과목평균,,2025년도 인천광역시 지방공무원 7급 필기시험 통계자료(공개용).pdf,총점255
인천,공무원,2025,1회,공개경쟁,강화군,,의료기술,임상병리,9급,일반,2,8,4.0:1,5,62.5,2.5:1,1,80,과목평균,,2025년도 인천광역시 지방공무원 7급 필기시험 통계자료(공개용).pdf,총점240
인천,공무원,2025,1회,공개경쟁,시·구,,의료기술,방사선,9급,일반,1,24,24.0:1,15,62.5,15.0:1,4,80,과목평균,,2025년도 인천광역시 지방공무원 7급 필기시험 통계자료(공개용).pdf,총점240
인천,공무원,2025,1회,공개경쟁,시·구,,의료기술,물리치료,9급,일반,1,45,45.0:1,26,57.8,26.0:1,4,83.33,과목평균,,2025년도 인천광역시 지방공무원 7급 필기시험 통계자료(공개용).pdf,총점250
인천,공무원,2025,1회,공개경쟁,시·구,,의료기술,치위생,9급,일반,2,29,14.5:1,17,58.6,8.5:1,4,86.67,과목평균,,2025년도 인천광역시 지방공무원 7급 필기시험 통계자료(공개용).pdf,총점260
인천,공무원,2025,1회,공개경쟁,시·구,,공업,일반기계,9급,일반,1,2,2.0:1,1,50.0,1.0:1,0,,과목평균,,2025년도 인천광역시 지방공무원 7급 필기시험 통계자료(공개용).pdf,미선발
인천,공무원,2025,1회,공개경쟁,시·구,,시설,일반토목,9급,일반,1,1,1.0:1,1,100.0,1.0:1,0,,과목평균,,2025년도 인천광역시 지방공무원 7급 필기시험 통계자료(공개용).pdf,미선발
인천,공무원,2025,1회,공개경쟁,시·구,,시설,건축,9급,일반,1,1,1.0:1,1,100.0,1.0:1,1,99.67,과목평균,,2025년도 인천광역시 지방공무원 7급 필기시험 통계자료(공개용).pdf,총점290
인천,공무원,2025,1회,공개경쟁,시·구,,시설관리,전기시설,9급,일반,1,2,2.0:1,2,100.0,2.0:1,0,,과목평균,,2025년도 인천광역시 지방공무원 7급 필기시험 통계자료(공개용).pdf,미선발
